compound_id,pocket_A_tanimoto,pocket_A_substruct,pocket_B_tanimoto,pocket_B_substruct,pocket_C_tanimoto,pocket_C_substruct,pocket_D_tanimoto,pocket_D_substruct
1000062067,0.296875,0.0,0.25757575757575757,0.0,0.22580645161290322,0.0,0.19672131147540983,0.0
1000065718,0.26153846153846155,0.0,0.22388059701492538,0.0,0.2711864406779661,0.0,0.18032786885245902,0.0
1167298751,0.24444444444444444,0.0,0.13924050632911392,0.0,0.19718309859154928,0.0,0.14925373134328357,0.0
1181032117,0.32894736842105265,0.0,0.1791044776119403,0.0,0.18333333333333332,0.0,0.15,0.0
1192001018,0.265625,0.0,0.16666666666666666,0.0,0.2153846153846154,0.0,0.14516129032258066,0.0
1390181723,0.17391304347826086,0.0,0.15492957746478872,0.0,0.140625,0.0,0.15,0.0
1408803353,0.3269230769230769,0.0,0.2459016393442623,0.0,0.23728813559322035,0.0,0.2222222222222222,0.0
1443520257,0.22388059701492538,0.0,0.18571428571428572,0.0,0.15625,0.0,0.14754098360655737,0.0
162723460,0.2857142857142857,0.0,0.23809523809523808,0.0,0.21875,0.0,0.18333333333333332,0.0
162826242,0.24193548387096775,0.0,0.1917808219178082,0.0,0.21739130434782608,0.0,0.18461538461538463,0.0
173355673,0.25,0.0,0.1891891891891892,0.0,0.2028985507246377,0.0,0.15384615384615385,0.0
182917741,0.22972972972972974,0.0,0.175,0.0,0.19736842105263158,0.0,0.12658227848101267,0.0
268757722,0.24561403508771928,0.0,0.17391304347826086,0.0,0.2222222222222222,0.0,0.13432835820895522,0.0
283812978,0.3559322033898305,0.0,0.24193548387096775,0.0,0.2222222222222222,0.0,0.1864406779661017,0.0
302181339,0.25882352941176473,0.0,0.1643835616438356,0.0,0.23076923076923078,0.0,0.16129032258064516,0.0
342853879,0.3132530120481928,0.0,0.17567567567567569,0.0,0.17142857142857143,0.0,0.14925373134328357,0.0
354012616,0.33766233766233766,0.0,0.208955223880597,0.0,0.25,0.0,0.14516129032258066,0.0
427095899,0.35064935064935066,0.0,0.20588235294117646,0.0,0.22580645161290322,0.0,0.16129032258064516,0.0
444853644,0.3924050632911392,0.0,0.2318840579710145,0.0,0.19402985074626866,0.0,0.18181818181818182,0.0
543294655,0.32098765432098764,0.0,0.19696969696969696,0.0,0.19402985074626866,0.0,0.171875,0.0
5620336,0.14285714285714285,0.0,0.1643835616438356,0.0,0.10666666666666667,0.0,0.10666666666666667,0.0
5623246,0.12,0.0,0.17391304347826086,0.0,0.1,0.0,0.0821917808219178,0.0
588023896,0.3157894736842105,0.0,0.22388059701492538,0.0,0.25396825396825395,0.0,0.18032786885245902,0.0
773212998,0.23333333333333334,0.0,0.15584415584415584,0.0,0.2537313432835821,0.0,0.15151515151515152,0.0
786232788,0.3220338983050847,0.0,0.23809523809523808,0.0,0.22950819672131148,0.0,0.19298245614035087,0.0
800658450,0.2835820895522388,0.0,0.2647058823529412,0.0,0.23880597014925373,0.0,0.1875,0.0
800658988,0.32075471698113206,0.0,0.26229508196721313,0.0,0.27586206896551724,0.0,0.19642857142857142,0.0
918730255,0.2028985507246377,0.0,0.16666666666666666,0.0,0.14705882352941177,0.0,0.16393442622950818,0.0
9211771,0.2,0.0,0.18666666666666668,0.0,0.136986301369863,0.0,0.09090909090909091,0.0
97315646,0.20930232558139536,0.0,0.1388888888888889,0.0,0.16666666666666666,0.0,0.1694915254237288,0.0
CF-10-034,0.26229508196721313,0.0,0.2153846153846154,0.0,0.25,0.0,0.18032786885245902,0.0
CF-10-045,0.2463768115942029,0.0,0.22972972972972974,0.0,0.2318840579710145,0.0,0.13043478260869565,0.0
CF-10-050,0.25757575757575757,1.0,0.19480519480519481,0.0,0.21428571428571427,0.0,0.14492753623188406,0.0
CF-10-051,0.20588235294117646,0.0,0.18309859154929578,0.0,0.22058823529411764,0.0,0.1388888888888889,0.0
CF-10-061,0.19402985074626866,0.0,0.17142857142857143,0.0,0.18181818181818182,0.0,0.20634920634920634,0.0
CF-10-063,0.21212121212121213,0.0,0.18840579710144928,0.0,0.2,0.0,0.13432835820895522,0.0
CF-10-065,0.24242424242424243,0.0,0.21739130434782608,0.0,0.23076923076923078,0.0,0.1746031746031746,0.0
CF-10-066,0.23529411764705882,0.0,0.22857142857142856,0.0,0.22388059701492538,0.0,0.13432835820895522,0.0
CF-10-071,0.23880597014925373,0.0,0.19718309859154928,0.0,0.208955223880597,0.0,0.12857142857142856,0.0
CF-10-073,0.265625,0.0,0.22058823529411764,0.0,0.234375,0.0,0.21666666666666667,0.0
CF-10-074,0.25757575757575757,0.0,0.2318840579710145,0.0,0.22727272727272727,0.0,0.15384615384615385,0.0
CF-10-075,0.22972972972972974,0.0,0.2077922077922078,0.0,0.20270270270270271,0.0,0.1527777777777778,0.0
CF-2-09,0.3424657534246575,0.0,0.21666666666666667,0.0,0.25862068965517243,0.0,0.15789473684210525,0.0
CF-2-102,0.5217391304347826,0.0,0.22058823529411764,0.0,0.2833333333333333,0.0,0.15873015873015872,0.0
CF-2-103,0.5,0.0,0.18666666666666668,0.0,0.2647058823529412,0.0,0.14492753623188406,0.0
CF-2-105,0.5373134328358209,0.0,0.22727272727272727,0.0,0.25806451612903225,0.0,0.18333333333333332,0.0
CF-2-106,0.4473684210526316,0.0,0.1891891891891892,0.0,0.19718309859154928,0.0,0.15384615384615385,0.0
CF-2-108,0.4,0.0,0.23880597014925373,0.0,0.2222222222222222,0.0,0.140625,0.0
CF-2-109,0.38461538461538464,0.0,0.19444444444444445,0.0,0.25,0.0,0.13432835820895522,0.0
CF-2-111,0.47297297297297297,0.0,0.17567567567567569,0.0,0.2,0.0,0.13846153846153847,0.0
CF-2-112,0.49382716049382713,0.0,0.16470588235294117,0.0,0.17073170731707318,0.0,0.14102564102564102,0.0
CF-2-114,0.4,0.0,0.22058823529411764,0.0,0.2833333333333333,0.0,0.140625,0.0
CF-2-115,0.3875,0.0,0.18666666666666668,0.0,0.23880597014925373,0.0,0.13432835820895522,0.0
CF-2-117,0.410958904109589,0.0,0.22727272727272727,0.0,0.2413793103448276,0.0,0.16393442622950818,0.0
CF-2-118,0.6865671641791045,0.0,0.2638888888888889,0.0,0.2571428571428571,0.0,0.1780821917808219,0.0
CF-2-119,0.8360655737704918,0.0,0.2676056338028169,0.0,0.2608695652173913,0.0,0.18055555555555555,0.0
CF-2-120,0.6363636363636364,0.0,0.3230769230769231,0.0,0.25757575757575757,0.0,0.15714285714285714,0.0
CF-2-121,0.6086956521739131,0.0,0.2714285714285714,0.0,0.2835820895522388,0.0,0.14492753623188406,0.0
CF-2-122,0.5866666666666667,0.0,0.24358974358974358,0.0,0.23684210526315788,0.0,0.16,0.0
CF-2-123,0.7076923076923077,0.0,0.2535211267605634,0.0,0.2463768115942029,0.0,0.1506849315068493,0.0
CF-2-126,0.6363636363636364,0.0,0.30303030303030304,0.0,0.25757575757575757,0.0,0.17391304347826086,0.0
CF-2-127,0.6056338028169014,0.0,0.2602739726027397,0.0,0.2535211267605634,0.0,0.14473684210526316,0.0
CF-2-128,0.6176470588235294,0.0,0.2571428571428571,0.0,0.25,0.0,0.19047619047619047,0.0
CF-2-130,0.39759036144578314,0.0,0.175,0.0,0.18181818181818182,0.0,0.14084507042253522,0.0
CF-2-132,0.35802469135802467,0.0,0.2222222222222222,0.0,0.18055555555555555,0.0,0.13043478260869565,0.0
CF-2-133,0.34523809523809523,0.0,0.18181818181818182,0.0,0.2054794520547945,0.0,0.125,0.0
CF-2-134,0.34065934065934067,0.0,0.16279069767441862,0.0,0.1686746987951807,0.0,0.13924050632911392,0.0
CF-2-135,0.41975308641975306,0.0,0.1625,0.0,0.18421052631578946,0.0,0.13513513513513514,0.0
CF-2-136,0.45977011494252873,0.0,0.15384615384615385,0.0,0.1590909090909091,0.0,0.13095238095238096,0.0
CF-2-137,0.6164383561643836,0.0,0.17073170731707318,0.0,0.19230769230769232,0.0,0.1375,0.0
CF-2-139,0.3488372093023256,0.0,0.175,0.0,0.1891891891891892,0.0,0.125,0.0
CF-2-140,0.34523809523809523,0.0,0.16666666666666666,0.0,0.1780821917808219,0.0,0.18181818181818182,0.0
CF-2-141,0.375,0.0,0.2222222222222222,0.0,0.25396825396825395,0.0,0.14705882352941177,0.0
CF-2-142,0.5064935064935064,0.0,0.175,0.0,0.2465753424657534,0.0,0.15584415584415584,0.0
CF-2-143,0.6197183098591549,0.0,0.17721518987341772,0.0,0.25,0.0,0.15789473684210525,0.0
CF-2-145,0.44871794871794873,0.0,0.18181818181818182,0.0,0.2753623188405797,0.0,0.14084507042253522,0.0
CF-2-146,0.43529411764705883,0.0,0.16279069767441862,0.0,0.22784810126582278,0.0,0.15384615384615385,0.0
CF-2-147,0.52,0.0,0.16455696202531644,0.0,0.2361111111111111,0.0,0.1388888888888889,0.0
CF-2-148,0.5679012345679012,0.0,0.15384615384615385,0.0,0.21428571428571427,0.0,0.14457831325301204,0.0
CF-2-150,0.4666666666666667,0.0,0.2054794520547945,0.0,0.25,0.0,0.1527777777777778,0.0
CF-2-152,0.44871794871794873,0.0,0.16666666666666666,0.0,0.23943661971830985,0.0,0.18181818181818182,0.0
CF-2-153,0.4864864864864865,0.0,0.2222222222222222,0.0,0.25396825396825395,0.0,0.16417910447761194,0.0
CF-2-156,0.3924050632911392,0.0,0.2222222222222222,0.0,0.20588235294117646,0.0,0.14705882352941177,0.0
CF-2-157,0.3780487804878049,0.0,0.18181818181818182,0.0,0.2318840579710145,0.0,0.14084507042253522,0.0
CF-2-160,0.47058823529411764,0.0,0.15730337078651685,0.0,0.16279069767441862,0.0,0.14814814814814814,0.0
CF-2-161,0.6164383561643836,0.0,0.17721518987341772,0.0,0.19230769230769232,0.0,0.1375,0.0
CF-2-162,0.3924050632911392,0.0,0.2054794520547945,0.0,0.26153846153846155,0.0,0.14705882352941177,0.0
CF-2-163,0.38095238095238093,0.0,0.175,0.0,0.2222222222222222,0.0,0.13513513513513514,0.0
CF-2-167,0.5945945945945946,0.0,0.17073170731707318,0.0,0.24,0.0,0.1518987341772152,0.0
CF-2-168,0.5068493150684932,0.0,0.2222222222222222,0.0,0.25,0.0,0.16417910447761194,0.0
CF-2-169,0.4868421052631579,0.0,0.18181818181818182,0.0,0.2753623188405797,0.0,0.15714285714285714,0.0
CF-2-170,0.48148148148148145,0.0,0.16666666666666666,0.0,0.23376623376623376,0.0,0.17333333333333334,0.0
CF-2-178,0.36538461538461536,0.0,0.1320754716981132,0.0,0.17,0.0,0.12244897959183673,0.0
CF-2-181,0.3783783783783784,0.0,0.19402985074626866,0.0,0.23333333333333334,0.0,0.1864406779661017,0.0
CF-2-184,0.3375,0.0,0.21875,0.0,0.2786885245901639,0.0,0.13636363636363635,0.0
CF-2-192,0.35443037974683544,0.0,0.18055555555555555,0.0,0.25396825396825395,0.0,0.1267605633802817,0.0
CF-2-194,0.32558139534883723,0.0,0.18666666666666668,0.0,0.22857142857142856,0.0,0.15492957746478872,0.0
CF-2-195,0.30526315789473685,0.0,0.16470588235294117,0.0,0.2,0.0,0.12195121951219512,0.0
CF-2-197,0.3170731707317073,0.0,0.19444444444444445,0.0,0.3333333333333333,0.0,0.11764705882352941,0.0
CF-2-199,0.30952380952380953,0.0,0.29411764705882354,0.0,0.26153846153846155,0.0,0.11428571428571428,0.0
CF-2-200,0.3058823529411765,0.0,0.1780821917808219,0.0,0.296875,0.0,0.11267605633802817,0.0
CF-2-201,0.2988505747126437,0.0,0.19736842105263158,0.0,0.25,0.0,0.1095890410958904,0.0
CF-2-205,0.29347826086956524,0.0,0.175,0.0,0.22972972972972974,0.0,0.10126582278481013,0.0
CF-2-206,0.29347826086956524,0.0,0.18292682926829268,0.0,0.21333333333333335,0.0,0.10126582278481013,0.0
CF-2-207,0.3,0.0,0.19480519480519481,0.0,0.2191780821917808,0.0,0.13333333333333333,0.0
CF-2-209,0.3076923076923077,0.0,0.189873417721519,0.0,0.21333333333333335,0.0,0.12987012987012986,0.0
CF-2-211,0.3103448275862069,0.0,0.2361111111111111,0.0,0.2463768115942029,0.0,0.1232876712328767,0.0
CF-2-212,0.3176470588235294,0.0,0.1917808219178082,0.0,0.23529411764705882,0.0,0.1323529411764706,0.0
CF-2-213,0.3,0.0,0.2054794520547945,0.0,0.2318840579710145,0.0,0.125,0.0
CF-2-214,0.3088235294117647,0.0,0.18666666666666668,0.0,0.23880597014925373,0.0,0.12857142857142856,0.0
CF-2-216,0.38271604938271603,0.0,0.1917808219178082,0.0,0.23529411764705882,0.0,0.1323529411764706,0.0
CF-2-217-Int-12,0.5882352941176471,0.0,0.1780821917808219,0.0,0.25757575757575757,0.0,0.15151515151515152,0.0
CF-2-218,0.5,0.0,0.17105263157894737,0.0,0.2463768115942029,0.0,0.14492753623188406,0.0
CF-2-219,0.5066666666666667,0.0,0.18181818181818182,0.0,0.2753623188405797,0.0,0.14084507042253522,0.0
CF-2-220,0.44047619047619047,0.0,0.1927710843373494,0.0,0.21518987341772153,0.0,0.14102564102564102,0.0
CF-2-221,0.44047619047619047,0.0,0.1927710843373494,0.0,0.21518987341772153,0.0,0.14102564102564102,0.0
CF-2-223,0.4691358024691358,0.0,0.18292682926829268,0.0,0.23684210526315788,0.0,0.12987012987012986,0.0
CF-2-224,0.4625,0.0,0.15853658536585366,0.0,0.22666666666666666,0.0,0.13333333333333333,0.0
CF-2-229,0.3103448275862069,0.0,0.16455696202531644,0.0,0.2112676056338028,0.0,0.1232876712328767,0.0
CF-2-230,0.313953488372093,0.0,0.1891891891891892,0.0,0.21428571428571427,0.0,0.125,0.0
CF-2-232,0.3146067415730337,0.0,0.1728395061728395,0.0,0.20270270270270271,0.0,0.11842105263157894,0.0
CF-2-235,0.40476190476190477,0.0,0.17073170731707318,0.0,0.19230769230769232,0.0,0.14666666666666667,0.0
CF-2-239,0.46835443037974683,0.0,0.175,0.0,0.2465753424657534,0.0,0.16666666666666666,0.0
CF-2-241,0.45121951219512196,0.0,0.18292682926829268,0.0,0.23684210526315788,0.0,0.16,0.0
CF-2-243,0.45,0.0,0.189873417721519,0.0,0.2638888888888889,0.0,0.16666666666666666,0.0
CF-2-244,0.44047619047619047,0.0,0.17857142857142858,0.0,0.23076923076923078,0.0,0.15584415584415584,0.0
CF-2-247,0.46987951807228917,0.0,0.18292682926829268,0.0,0.22784810126582278,0.0,0.16883116883116883,0.0
CF-2-250,0.44047619047619047,0.0,0.2,0.0,0.24675324675324675,0.0,0.15584415584415584,0.0
CF-2-253,0.24358974358974358,0.0,0.16129032258064516,0.0,0.1896551724137931,0.0,0.1111111111111111,0.0
CF-2-255,0.3157894736842105,0.0,0.14705882352941177,0.0,0.19047619047619047,0.0,0.13333333333333333,0.0
CF-2-257,0.24050632911392406,0.0,0.13432835820895522,0.0,0.1864406779661017,0.0,0.109375,0.0
CF-2-259,0.34210526315789475,0.0,0.14285714285714285,0.0,0.203125,0.0,0.19047619047619047,0.0
CF-2-26,0.4117647058823529,0.0,0.23333333333333334,0.0,0.26785714285714285,0.0,0.20754716981132076,0.0
CF-2-260,0.2948717948717949,0.0,0.14492753623188406,0.0,0.20634920634920634,0.0,0.15625,0.0
CF-2-261,0.27848101265822783,0.0,0.1791044776119403,0.0,0.1746031746031746,0.0,0.15625,0.0
CF-2-262,0.32,0.0,0.2222222222222222,0.0,0.22413793103448276,0.0,0.17543859649122806,0.0
CF-2-263,0.27848101265822783,0.0,0.19696969696969696,0.0,0.23728813559322035,0.0,0.13114754098360656,0.0
CF-2-264,0.275,0.0,0.19402985074626866,0.0,0.23333333333333334,0.0,0.12903225806451613,0.0
CF-2-267,0.3050847457627119,0.0,0.17142857142857143,0.0,0.26666666666666666,0.0,0.15,0.0
CF-2-268,0.37662337662337664,0.0,0.2,0.0,0.2459016393442623,0.0,0.19696969696969696,0.0
CF-2-269,0.3048780487804878,0.0,0.2318840579710145,0.0,0.2,1.0,0.16923076923076924,0.0
CF-2-270,0.3125,0.0,0.23880597014925373,0.0,0.203125,0.0,0.16417910447761194,0.0
CF-2-271,0.35064935064935066,0.0,0.20588235294117646,0.0,0.19696969696969696,0.0,0.16129032258064516,0.0
CF-2-272,0.41304347826086957,0.0,0.2,0.0,0.29411764705882354,0.0,0.18,0.0
CF-2-273,0.41304347826086957,0.0,0.2,0.0,0.29411764705882354,0.0,0.18,0.0
CF-2-276,0.3148148148148148,0.0,0.21875,0.0,0.2631578947368421,1.0,0.1694915254237288,0.0
CF-2-277,0.3148148148148148,0.0,0.21875,0.0,0.2631578947368421,1.0,0.1694915254237288,0.0
CF-2-282,0.32075471698113206,0.0,0.2222222222222222,0.0,0.26785714285714285,0.0,0.16129032258064516,0.0
CF-2-283,0.32075471698113206,0.0,0.2222222222222222,0.0,0.26785714285714285,0.0,0.16129032258064516,0.0
CF-2-29,0.36486486486486486,0.0,0.1791044776119403,0.0,0.26666666666666666,0.0,0.1694915254237288,0.0
CF-2-30,0.36486486486486486,0.0,0.1791044776119403,0.0,0.26666666666666666,0.0,0.2222222222222222,0.0
CF-2-32,0.36,0.0,0.18461538461538463,0.0,0.26229508196721313,0.0,0.22413793103448276,0.0
CF-2-50,0.23076923076923078,0.0,0.16417910447761194,0.0,0.171875,0.0,0.19298245614035087,0.0
CF-2-54,0.2558139534883721,0.0,0.1527777777777778,0.0,0.15942028985507245,0.0,0.1774193548387097,0.0
CF-2-57,0.33962264150943394,0.0,0.16129032258064516,0.0,0.18867924528301888,0.0,0.2553191489361702,0.0
CF-2-58,0.34782608695652173,0.0,0.23214285714285715,0.0,0.30434782608695654,0.0,0.19148936170212766,0.0
CF-2-60,0.34177215189873417,0.0,0.1506849315068493,0.0,0.22727272727272727,0.0,0.16393442622950818,0.0
CF-2-61,0.3048780487804878,0.0,0.15492957746478872,0.0,0.22388059701492538,0.0,0.171875,0.0
CF-2-62,0.30864197530864196,0.0,0.16666666666666666,0.0,0.2857142857142857,0.0,0.13846153846153847,0.0
CF-2-63,0.2345679012345679,0.0,0.14705882352941177,0.0,0.16129032258064516,0.0,0.18181818181818182,0.0
CF-2-64,0.3698630136986301,0.0,0.14705882352941177,0.0,0.22950819672131148,0.0,0.1774193548387097,0.0
CF-2-65,0.36585365853658536,0.0,0.14473684210526316,0.0,0.20833333333333334,0.0,0.15942028985507245,0.0
CF-2-68,0.3103448275862069,0.0,0.14925373134328357,0.0,0.23333333333333334,0.0,0.23076923076923078,0.0
CF-2-72,0.22058823529411764,0.0,0.15714285714285714,0.0,0.16176470588235295,0.0,0.16393442622950818,0.0
CF-2-74,0.2711864406779661,0.0,0.17142857142857143,0.0,0.22580645161290322,0.0,0.15,0.0
CF-2-75,0.2692307692307692,0.0,0.14925373134328357,0.0,0.18032786885245902,0.0,0.16363636363636364,0.0
CF-2-76,0.27586206896551724,0.0,0.14666666666666667,0.0,0.1506849315068493,0.0,0.15151515151515152,0.0
CF-2-79,0.3157894736842105,0.0,0.15151515151515152,0.0,0.18333333333333332,0.0,0.23529411764705882,0.0
CF-2-80,0.32,0.0,0.21666666666666667,0.0,0.28,0.0,0.17647058823529413,0.0
CF-2-81,0.3090909090909091,0.0,0.29310344827586204,0.0,0.19642857142857142,0.0,0.14814814814814814,0.0
CF-2-83,0.6716417910447762,0.0,0.2676056338028169,0.0,0.1917808219178082,0.0,0.14864864864864866,0.0
CF-2-84,0.5,0.0,0.3230769230769231,0.0,0.19402985074626866,0.0,0.13432835820895522,0.0
CF-2-95,0.676923076923077,0.0,0.1917808219178082,0.0,0.2727272727272727,0.0,0.15492957746478872,0.0
CF-2-96,0.5217391304347826,0.0,0.23880597014925373,0.0,0.2698412698412698,0.0,0.15873015873015872,0.0
CF-3-08,0.26785714285714285,0.0,0.5531914893617021,1.0,0.21052631578947367,0.0,0.26,0.0
CF-3-101,0.26153846153846155,0.0,0.3559322033898305,1.0,0.17647058823529413,0.0,0.2727272727272727,0.0
CF-3-112,0.20634920634920634,0.0,0.41818181818181815,0.0,0.15625,0.0,0.16393442622950818,0.0
CF-3-113,0.25925925925925924,0.0,0.5555555555555556,0.0,0.17857142857142858,0.0,0.2,0.0
CF-3-117,0.25925925925925924,0.0,0.5555555555555556,0.0,0.20754716981132076,0.0,0.25,0.0
CF-3-118,0.2153846153846154,0.0,0.39655172413793105,0.0,0.171875,0.0,0.26785714285714285,0.0
CF-3-12,0.2413793103448276,0.0,0.5416666666666666,1.0,0.20689655172413793,0.0,0.18518518518518517,0.0
CF-3-123,0.23728813559322035,0.0,0.3888888888888889,0.0,0.2033898305084746,0.0,0.18181818181818182,0.0
CF-3-124,0.18571428571428572,0.0,0.3076923076923077,1.0,0.17391304347826086,0.0,0.18181818181818182,0.0
CF-3-127,0.18309859154929578,0.0,0.3230769230769231,1.0,0.17142857142857143,0.0,0.15151515151515152,0.0
CF-3-132,0.16666666666666666,0.0,0.3088235294117647,1.0,0.14285714285714285,0.0,0.14492753623188406,0.0
CF-3-133,0.2,0.0,0.3728813559322034,1.0,0.16176470588235295,0.0,0.16393442622950818,0.0
CF-3-143,0.25,0.0,0.45,1.0,0.22535211267605634,0.0,0.14925373134328357,0.0
CF-3-146,0.4107142857142857,0.0,0.5833333333333334,1.0,0.22580645161290322,0.0,0.13793103448275862,0.0
CF-3-148,0.2463768115942029,0.0,0.48214285714285715,1.0,0.2028985507246377,0.0,0.140625,0.0
CF-3-150,0.26153846153846155,0.0,0.5192307692307693,1.0,0.2153846153846154,0.0,0.1323529411764706,0.0
CF-3-151,0.26153846153846155,0.0,0.5192307692307693,1.0,0.2153846153846154,0.0,0.1323529411764706,0.0
CF-3-154,0.2923076923076923,0.0,0.42105263157894735,1.0,0.18461538461538463,0.0,0.12698412698412698,0.0
CF-3-159,0.25333333333333335,0.0,0.3787878787878788,1.0,0.16,0.0,0.12,0.0
CF-3-16,0.20634920634920634,0.0,0.5,1.0,0.23333333333333334,0.0,0.13333333333333333,0.0
CF-3-161,0.2571428571428571,0.0,0.4166666666666667,1.0,0.19718309859154928,0.0,0.25,0.0
CF-3-163,0.23943661971830985,0.0,0.39344262295081966,1.0,0.17391304347826086,0.0,0.11428571428571428,0.0
CF-3-164,0.2727272727272727,0.0,0.42105263157894735,1.0,0.19117647058823528,0.0,0.1746031746031746,0.0
CF-3-169,0.27941176470588236,0.0,0.4166666666666667,1.0,0.19718309859154928,0.0,0.20967741935483872,0.0
CF-3-171,0.23943661971830985,0.0,0.4166666666666667,1.0,0.18055555555555555,0.0,0.13043478260869565,0.0
CF-3-174,0.23728813559322035,0.0,0.5625,0.0,0.2033898305084746,0.0,0.16071428571428573,0.0
CF-3-176,0.25862068965517243,0.0,0.5625,0.0,0.2033898305084746,0.0,0.25,0.0
CF-3-177,0.23333333333333334,0.0,0.5510204081632653,0.0,0.2,0.0,0.15,0.0
CF-3-179,0.2638888888888889,0.0,0.4426229508196721,0.0,0.16666666666666666,0.0,0.125,0.0
CF-3-18,0.30612244897959184,0.0,0.7837837837837838,0.0,0.24,0.0,0.21739130434782608,0.0
CF-3-182,0.21428571428571427,0.0,0.4909090909090909,0.0,0.18181818181818182,0.0,0.125,0.0
CF-3-185,0.25,0.0,0.5714285714285714,0.0,0.19672131147540983,0.0,0.24074074074074073,0.0
CF-3-189,0.2542372881355932,0.0,0.5510204081632653,0.0,0.22033898305084745,0.0,0.24528301886792453,0.0
CF-3-190,0.2545454545454545,0.0,0.6136363636363636,0.0,0.24074074074074073,0.0,0.1509433962264151,0.0
CF-3-192,0.25,0.0,0.4807692307692308,1.0,0.19672131147540983,0.0,0.17543859649122806,0.0
CF-3-193,0.21428571428571427,0.0,0.43859649122807015,1.0,0.18181818181818182,0.0,0.22033898305084745,0.0
CF-3-196,0.24615384615384617,0.0,0.43103448275862066,1.0,0.26229508196721313,0.0,0.21666666666666667,0.0
CF-3-197,0.23076923076923078,0.0,0.4642857142857143,1.0,0.2,0.0,0.2413793103448276,0.0
CF-3-198,0.20253164556962025,0.0,0.36764705882352944,1.0,0.16666666666666666,0.0,0.136986301369863,0.0
CF-3-201,0.21212121212121213,0.0,0.4909090909090909,1.0,0.21875,0.0,0.15151515151515152,0.0
CF-3-204,0.3333333333333333,0.0,0.5294117647058824,0.0,0.2982456140350877,0.0,0.16393442622950818,0.0
CF-3-207,0.3275862068965517,0.0,0.5192307692307693,0.0,0.25,0.0,0.15,0.0
CF-3-210,0.2638888888888889,0.0,0.4426229508196721,0.0,0.1891891891891892,0.0,0.125,0.0
CF-3-211,0.22058823529411764,0.0,0.5094339622641509,0.0,0.20634920634920634,0.0,0.12903225806451613,0.0
CF-3-213,0.2835820895522388,0.0,0.48214285714285715,0.0,0.2028985507246377,0.0,0.12307692307692308,0.0
CF-3-214,0.35294117647058826,0.0,0.6136363636363636,0.0,0.27450980392156865,0.0,0.22,0.0
CF-3-215,0.2962962962962963,0.0,0.6,0.0,0.3877551020408163,0.0,0.14814814814814814,0.0
CF-3-219,0.23333333333333334,0.0,0.5510204081632653,0.0,0.2857142857142857,0.0,0.15789473684210525,0.0
CF-3-221,0.24193548387096775,0.0,0.5192307692307693,0.0,0.19696969696969696,0.0,0.18032786885245902,0.0
CF-3-222,0.23076923076923078,0.0,0.4909090909090909,0.0,0.2,0.0,0.16129032258064516,0.0
CF-3-225,0.288135593220339,0.0,0.39285714285714285,0.0,0.2857142857142857,0.0,0.24561403508771928,0.0
CF-3-29,0.3559322033898305,0.0,0.4528301886792453,0.0,0.19672131147540983,0.0,0.14754098360655737,0.0
CF-3-30,0.3137254901960784,0.0,0.5333333333333333,0.0,0.22641509433962265,0.0,0.14814814814814814,0.0
CF-3-36,0.26785714285714285,0.0,0.5869565217391305,1.0,0.21052631578947367,0.0,0.26,0.0
CF-3-40,0.2631578947368421,0.0,0.574468085106383,1.0,0.20689655172413793,0.0,0.20754716981132076,0.0
CF-3-42,0.2413793103448276,0.0,0.574468085106383,1.0,0.2962962962962963,0.0,0.16363636363636364,0.0
CF-3-52,0.2857142857142857,0.0,0.7105263157894737,0.0,0.24489795918367346,0.0,0.23529411764705882,0.0
CF-3-55,0.2916666666666667,0.0,0.7777777777777778,0.0,0.25,0.0,0.17391304347826086,0.0
CF-3-56,0.2857142857142857,0.0,0.5853658536585366,0.0,0.24489795918367346,0.0,0.1702127659574468,0.0
CF-3-58,0.25,0.0,0.6363636363636364,1.0,0.17857142857142858,0.0,0.2037037037037037,0.0
CF-3-59,0.2545454545454545,0.0,0.6511627906976745,1.0,0.2037037037037037,0.0,0.32653061224489793,0.0
CF-3-62,0.20967741935483872,0.0,0.5714285714285714,1.0,0.15873015873015872,0.0,0.14754098360655737,0.0
CF-3-65,0.24074074074074073,0.0,0.5106382978723404,0.0,0.2222222222222222,0.0,0.1896551724137931,0.0
CF-3-69,0.18309859154929578,0.0,0.30303030303030304,0.0,0.17142857142857143,0.0,0.15151515151515152,0.0
CF-3-83,0.2608695652173913,0.0,0.3770491803278688,1.0,0.23529411764705882,0.0,0.2542372881355932,0.0
CF-3-92,0.23076923076923078,0.0,0.26229508196721313,0.0,0.203125,0.0,0.14754098360655737,0.0
CF-3-97,0.24242424242424243,0.0,0.3559322033898305,1.0,0.15151515151515152,0.0,0.13043478260869565,0.0
CF-4-03,0.17543859649122806,0.0,0.1016949152542373,0.0,0.4444444444444444,0.0,0.14545454545454545,0.0
CF-4-103,0.3333333333333333,0.0,0.1724137931034483,0.0,0.22641509433962265,0.0,0.24489795918367346,0.0
CF-4-104,0.3333333333333333,0.0,0.18032786885245902,0.0,0.21052631578947367,0.0,0.22641509433962265,0.0
CF-4-106,0.3448275862068966,0.0,0.1864406779661017,0.0,0.21818181818181817,0.0,0.26,0.0
CF-4-108,0.3508771929824561,0.0,0.1896551724137931,0.0,0.2222222222222222,0.0,0.24,0.0
CF-4-111,0.3275862068965517,0.0,0.1694915254237288,0.0,0.2222222222222222,0.0,0.24,0.0
CF-4-113,0.3220338983050847,0.0,0.16666666666666666,0.0,0.34,0.0,0.26,0.0
CF-4-114,0.3114754098360656,0.0,0.18032786885245902,0.0,0.2807017543859649,0.0,0.2807017543859649,0.0
CF-4-121,0.21875,0.0,0.16666666666666666,0.0,0.30357142857142855,0.0,0.18867924528301888,0.0
CF-4-126,0.28125,0.0,0.18461538461538463,0.0,0.2833333333333333,0.0,0.15517241379310345,0.0
CF-4-127,0.30303030303030304,0.0,0.2,0.0,0.2857142857142857,0.0,0.20967741935483872,0.0
CF-4-128,0.2537313432835821,0.0,0.2153846153846154,0.0,0.27419354838709675,0.0,0.18032786885245902,0.0
CF-4-135,0.22058823529411764,0.0,0.14705882352941177,0.0,0.265625,0.0,0.14516129032258066,0.0
CF-4-136,0.25,0.0,0.18461538461538463,0.0,0.2982456140350877,0.0,0.16363636363636364,0.0
CF-4-137,0.25,0.0,0.18840579710144928,0.0,0.27419354838709675,0.0,0.15,0.0
CF-4-149,0.3220338983050847,0.0,0.16923076923076924,0.0,0.21818181818181817,0.0,0.23529411764705882,0.0
CF-4-153,0.3392857142857143,0.0,0.19642857142857142,0.0,0.23076923076923078,0.0,0.25,0.0
CF-4-157,0.3050847457627119,0.0,0.1694915254237288,0.0,0.2222222222222222,0.0,0.24,0.0
CF-4-159,0.3392857142857143,0.0,0.19642857142857142,0.0,0.23076923076923078,0.0,0.2765957446808511,0.0
CF-4-161,0.32142857142857145,0.0,0.17857142857142858,0.0,0.23529411764705882,0.0,0.2826086956521739,0.0
CF-4-163,0.288135593220339,0.0,0.1724137931034483,0.0,0.25,0.0,0.2708333333333333,0.0
CF-4-169,0.3148148148148148,0.0,0.2542372881355932,0.0,0.22641509433962265,0.0,0.2708333333333333,0.0
CF-4-176,0.2361111111111111,0.0,0.20833333333333334,0.0,0.265625,0.0,0.1746031746031746,0.0
CF-4-182,0.3088235294117647,0.0,0.14473684210526316,0.0,0.21875,0.0,0.15625,0.0
CF-4-183,0.19480519480519481,0.0,0.0975609756097561,0.0,0.17391304347826086,0.0,0.11594202898550725,0.0
CF-4-188,0.19672131147540983,0.0,0.13559322033898305,0.0,0.22641509433962265,0.0,0.09523809523809523,0.0
CF-4-189,0.19672131147540983,0.0,0.13559322033898305,0.0,0.22641509433962265,0.0,0.09523809523809523,0.0
CF-4-32,0.3448275862068966,0.0,0.1864406779661017,0.0,0.3584905660377358,0.0,0.23529411764705882,0.0
CF-4-33,0.3157894736842105,0.0,0.29310344827586204,0.0,0.3148148148148148,0.0,0.12903225806451613,0.0
CF-4-35,0.2222222222222222,0.0,0.15584415584415584,0.0,0.25,0.0,0.10526315789473684,0.0
CF-4-43,0.3103448275862069,0.0,0.288135593220339,0.0,0.30357142857142855,0.0,0.10526315789473684,0.0
CF-4-45,0.2222222222222222,0.0,0.14102564102564102,0.0,0.2463768115942029,0.0,0.10144927536231885,0.0
CF-4-46,0.2,0.0,0.20754716981132076,0.0,0.3469387755102041,0.0,0.1206896551724138,0.0
CF-4-47,0.3333333333333333,0.0,0.18032786885245902,0.0,0.34545454545454546,0.0,0.22641509433962265,0.0
CF-4-48,0.3275862068965517,0.0,0.26229508196721313,0.0,0.30357142857142855,0.0,0.125,0.0
CF-4-49,0.18055555555555555,0.0,0.1267605633802817,0.0,0.27419354838709675,0.0,0.1111111111111111,0.0
CF-4-50,0.21621621621621623,0.0,0.1375,0.0,0.24285714285714285,0.0,0.10256410256410256,0.0
CF-4-54,0.20689655172413793,0.0,0.0967741935483871,0.0,0.2653061224489796,0.0,0.17857142857142858,0.0
CF-4-55,0.1724137931034483,0.0,0.1,0.0,0.2692307692307692,0.0,0.16363636363636364,0.0
CF-4-57,0.14814814814814814,0.0,0.14814814814814814,0.0,0.32,0.0,0.10344827586206896,0.0
CF-4-66,0.391304347826087,0.0,0.15789473684210525,0.0,0.3469387755102041,0.0,0.12,0.0
CF-4-71,0.25,0.0,0.1864406779661017,0.0,0.32075471698113206,0.0,0.25,0.0
CF-4-72,0.3333333333333333,0.0,0.16393442622950818,0.0,0.3148148148148148,0.0,0.24489795918367346,0.0
CF-4-76,0.20967741935483872,0.0,0.14754098360655737,0.0,0.3269230769230769,0.0,0.11475409836065574,0.0
CF-4-91,0.1694915254237288,0.0,0.08928571428571429,0.0,0.3958333333333333,0.0,0.08333333333333333,0.0
CF-4-93,0.22448979591836735,0.0,0.1320754716981132,0.0,0.29411764705882354,0.0,0.12280701754385964,0.0
CF-5-01,0.6410256410256411,1.0,0.1896551724137931,0.0,0.34782608695652173,0.0,0.16666666666666666,0.0
CF-5-04,0.7027027027027027,1.0,0.2037037037037037,0.0,0.4186046511627907,0.0,0.1702127659574468,0.0
CF-5-05,0.6944444444444444,1.0,0.17857142857142858,0.0,0.37209302325581395,0.0,0.20454545454545456,0.0
CF-5-06,0.7222222222222222,1.0,0.24489795918367346,0.0,0.3953488372093023,0.0,0.17391304347826086,0.0
CF-5-11,0.5416666666666666,1.0,0.1875,0.0,0.3090909090909091,0.0,0.15789473684210525,0.0
CF-5-111,0.34615384615384615,0.0,0.22950819672131148,0.0,0.38,0.0,0.16981132075471697,0.0
CF-5-12,0.5652173913043478,1.0,0.1935483870967742,0.0,0.32075471698113206,0.0,0.16363636363636364,0.0
CF-5-126,0.5306122448979592,1.0,0.2833333333333333,0.0,0.37735849056603776,0.0,0.18333333333333332,0.0
CF-5-128,0.5208333333333334,1.0,0.171875,0.0,0.2909090909090909,0.0,0.18181818181818182,0.0
CF-5-130,0.5319148936170213,1.0,0.1746031746031746,0.0,0.2962962962962963,0.0,0.16363636363636364,0.0
CF-5-131,0.7142857142857143,1.0,0.1935483870967742,0.0,0.32075471698113206,0.0,0.16363636363636364,0.0
CF-5-132,0.5306122448979592,1.0,0.203125,0.0,0.32727272727272727,0.0,0.15517241379310345,0.0
CF-5-134,0.52,1.0,0.25,0.0,0.2982456140350877,0.0,0.15254237288135594,0.0
CF-5-136,0.5,1.0,0.16666666666666666,0.0,0.2807017543859649,0.0,0.15517241379310345,0.0
CF-5-137,0.5192307692307693,1.0,0.23529411764705882,0.0,0.2833333333333333,0.0,0.14516129032258066,0.0
CF-5-138,0.43859649122807015,1.0,0.17567567567567569,0.0,0.26153846153846155,0.0,0.21311475409836064,0.0
CF-5-139,0.5777777777777777,1.0,0.2807017543859649,0.0,0.38,0.0,0.21153846153846154,0.0
CF-5-14,0.4727272727272727,1.0,0.2112676056338028,0.0,0.27419354838709675,0.0,0.140625,0.0
CF-5-140,0.5777777777777777,1.0,0.25862068965517243,0.0,0.40816326530612246,0.0,0.21818181818181817,0.0
CF-5-142,0.5434782608695652,1.0,0.19672131147540983,0.0,0.3018867924528302,0.0,0.21153846153846154,0.0
CF-5-146,0.5102040816326531,1.0,0.16923076923076924,0.0,0.2857142857142857,0.0,0.17857142857142858,0.0
CF-5-147,0.5294117647058824,1.0,0.23880597014925373,0.0,0.288135593220339,0.0,0.16666666666666666,0.0
CF-5-15,0.625,1.0,0.19642857142857142,0.0,0.3404255319148936,0.0,0.2391304347826087,0.0
CF-5-164,0.42,0.0,0.22580645161290322,0.0,0.2962962962962963,0.0,0.18867924528301888,0.0
CF-5-173,0.2463768115942029,0.0,0.16666666666666666,0.0,0.2711864406779661,0.0,0.2033898305084746,0.0
CF-5-174,0.3392857142857143,0.0,0.19402985074626866,0.0,0.27586206896551724,0.0,0.21818181818181817,0.0
CF-5-175,0.3389830508474576,0.0,0.16666666666666666,0.0,0.25,0.0,0.2033898305084746,0.0
CF-5-176,0.234375,0.0,0.16216216216216217,0.0,0.2833333333333333,0.0,0.19672131147540983,0.0
CF-5-177,0.2463768115942029,0.0,0.16666666666666666,0.0,0.29310344827586204,0.0,0.2033898305084746,0.0
CF-5-178,0.3392857142857143,0.0,0.21212121212121213,0.0,0.27586206896551724,0.0,0.21818181818181817,0.0
CF-5-18,0.6190476190476191,1.0,0.21818181818181817,0.0,0.3469387755102041,0.0,0.22448979591836735,0.0
CF-5-186,0.3584905660377358,0.0,0.203125,0.0,0.2909090909090909,0.0,0.2413793103448276,0.0
CF-5-19,0.5319148936170213,1.0,0.3050847457627119,0.0,0.2962962962962963,0.0,0.16363636363636364,0.0
CF-5-190,0.39215686274509803,0.0,0.1875,0.0,0.28846153846153844,0.0,0.23529411764705882,0.0
CF-5-191,0.2807017543859649,0.0,0.171875,0.0,0.2777777777777778,0.0,0.22641509433962265,0.0
CF-5-192,0.36666666666666664,0.0,0.22535211267605634,0.0,0.3064516129032258,0.0,0.13846153846153847,0.0
CF-5-196,0.3387096774193548,0.0,0.2054794520547945,0.0,0.22727272727272727,0.0,0.13636363636363635,0.0
CF-5-200,0.2647058823529412,0.0,0.19736842105263158,0.0,0.2537313432835821,0.0,0.13043478260869565,0.0
CF-5-201,0.2833333333333333,0.0,0.17142857142857143,0.0,0.2711864406779661,0.0,0.13114754098360656,0.0
CF-5-203,0.3103448275862069,0.0,0.18666666666666668,0.0,0.22857142857142856,0.0,0.12857142857142856,0.0
CF-5-204,0.2727272727272727,0.0,0.171875,0.0,0.29411764705882354,0.0,0.16981132075471697,0.0
CF-5-205,0.24561403508771928,0.0,0.16923076923076924,0.0,0.28846153846153844,0.0,0.14545454545454545,0.0
CF-5-206,0.24615384615384617,0.0,0.1527777777777778,0.0,0.25396825396825395,0.0,0.15873015873015872,0.0
CF-5-207,0.23333333333333334,0.0,0.16923076923076924,0.0,0.2727272727272727,0.0,0.15789473684210525,0.0
CF-5-210,0.22857142857142856,0.0,0.15789473684210525,0.0,0.20588235294117646,0.0,0.19117647058823528,0.0
CF-5-211,0.2545454545454545,0.0,0.2033898305084746,0.0,0.25,0.0,0.19607843137254902,0.0
CF-5-214,0.3448275862068966,0.0,0.23880597014925373,0.0,0.26229508196721313,0.0,0.12903225806451613,0.0
CF-5-215,0.35714285714285715,0.0,0.208955223880597,0.0,0.3157894736842105,0.0,0.13333333333333333,0.0
CF-5-216,0.25,0.0,0.19480519480519481,0.0,0.2112676056338028,0.0,0.14492753623188406,0.0
CF-5-217,0.2222222222222222,0.0,0.15492957746478872,0.0,0.21666666666666667,0.0,0.15,0.0
CF-5-222,0.2830188679245283,0.0,0.1774193548387097,0.0,0.28,0.0,0.17647058823529413,0.0
CF-5-223,0.16666666666666666,0.0,0.10294117647058823,0.0,0.2033898305084746,0.0,0.1206896551724138,0.0
CF-5-224,0.18333333333333332,0.0,0.15384615384615385,0.0,0.18181818181818182,0.0,0.109375,0.0
CF-5-235,0.3695652173913043,0.0,0.20689655172413793,0.0,0.3333333333333333,0.0,0.18181818181818182,0.0
CF-5-236,0.5,0.0,0.1746031746031746,0.0,0.21428571428571427,0.0,0.15,0.0
CF-5-237,0.2727272727272727,0.0,0.18032786885245902,0.0,0.25925925925925924,0.0,0.1864406779661017,0.0
CF-5-239,0.5,0.0,0.1935483870967742,0.0,0.21428571428571427,0.0,0.14285714285714285,0.0
CF-5-240,0.2727272727272727,0.0,0.19047619047619047,0.0,0.25925925925925924,0.0,0.16666666666666666,0.0
CF-5-250,0.3541666666666667,0.0,0.2,0.0,0.32,0.0,0.13559322033898305,0.0
CF-5-251,0.4791666666666667,0.0,0.16923076923076924,0.0,0.21666666666666667,0.0,0.11864406779661017,0.0
CF-5-252,0.2631578947368421,0.0,0.1746031746031746,0.0,0.27586206896551724,0.0,0.14285714285714285,0.0
CF-5-254,0.48936170212765956,0.0,0.171875,0.0,0.21052631578947367,0.0,0.1206896551724138,0.0
CF-5-256,0.3617021276595745,0.0,0.21052631578947367,0.0,0.3404255319148936,0.0,0.20408163265306123,0.0
CF-5-258,0.32075471698113206,0.0,0.19047619047619047,0.0,0.3018867924528302,0.0,0.24,0.0
CF-5-260,0.3541666666666667,0.0,0.20689655172413793,0.0,0.3333333333333333,0.0,0.17647058823529413,0.0
CF-5-265,0.2804878048780488,0.0,0.2028985507246377,0.0,0.2222222222222222,0.0,0.13043478260869565,0.0
CF-5-266,0.3448275862068966,0.0,0.21212121212121213,0.0,0.3333333333333333,0.0,0.1864406779661017,0.0
CF-5-27,0.5813953488372093,0.0,0.16666666666666666,0.0,0.375,0.0,0.17647058823529413,0.0
CF-5-283,0.38095238095238093,1.0,0.15584415584415584,0.0,0.20270270270270271,0.0,0.15492957746478872,0.0
CF-5-284,0.47058823529411764,1.0,0.18461538461538463,0.0,0.2222222222222222,0.0,0.17543859649122806,0.0
CF-5-285,0.5,0.0,0.15625,0.0,0.2641509433962264,0.0,0.18518518518518517,0.0
CF-5-288,0.43636363636363634,0.0,0.21739130434782608,0.0,0.2786885245901639,0.0,0.12857142857142856,0.0
CF-5-289,0.3870967741935484,0.0,0.18181818181818182,0.0,0.2318840579710145,0.0,0.13043478260869565,0.0
CF-5-29,0.4716981132075472,0.0,0.27692307692307694,0.0,0.3103448275862069,0.0,0.14754098360655737,0.0
CF-5-290,0.46296296296296297,0.0,0.23529411764705882,0.0,0.24193548387096775,0.0,0.12698412698412698,0.0
CF-5-293,0.4423076923076923,0.0,0.1746031746031746,0.0,0.26785714285714285,0.0,0.24074074074074073,0.0
CF-5-30,0.5909090909090909,0.0,0.22033898305084745,0.0,0.4166666666666667,0.0,0.16981132075471697,0.0
CF-5-300,0.4339622641509434,0.0,0.1746031746031746,0.0,0.23333333333333334,0.0,0.16393442622950818,0.0
CF-5-303,0.35294117647058826,0.0,0.16666666666666666,0.0,0.2,0.0,0.12,0.0
CF-5-305,0.2727272727272727,0.0,0.171875,0.0,0.29411764705882354,0.0,0.16981132075471697,0.0
CF-5-306,0.25,0.0,0.17142857142857143,0.0,0.2459016393442623,0.0,0.22033898305084745,0.0
CF-5-307,0.425531914893617,0.0,0.18181818181818182,0.0,0.2037037037037037,0.0,0.14545454545454545,0.0
CF-5-308,0.44680851063829785,0.0,0.2,0.0,0.2222222222222222,0.0,0.14285714285714285,0.0
CF-5-31,0.5813953488372093,0.0,0.16666666666666666,0.0,0.375,0.0,0.22448979591836735,0.0
CF-5-311,0.38181818181818183,0.0,0.1935483870967742,0.0,0.21311475409836064,0.0,0.14285714285714285,0.0
CF-5-312,0.375,0.0,0.14666666666666667,0.0,0.2112676056338028,0.0,0.14285714285714285,0.0
CF-5-320,0.42,0.0,0.13114754098360656,0.0,0.21052631578947367,0.0,0.13559322033898305,0.0
CF-5-321,0.40816326530612246,0.0,0.13559322033898305,0.0,0.19642857142857142,0.0,0.1206896551724138,0.0
CF-5-36,0.5789473684210527,0.0,0.1836734693877551,0.0,0.28888888888888886,0.0,0.15384615384615385,0.0
CF-5-38,0.4888888888888889,0.0,0.18181818181818182,0.0,0.27450980392156865,0.0,0.17543859649122806,0.0
CF-5-39,0.3695652173913043,0.0,0.2708333333333333,0.0,0.17307692307692307,0.0,0.1568627450980392,0.0
CF-5-40,0.3469387755102041,0.0,0.28,0.0,0.19642857142857142,0.0,0.16981132075471697,0.0
CF-5-56,0.44680851063829785,0.0,0.15789473684210525,0.0,0.2222222222222222,0.0,0.12280701754385964,0.0
CF-5-58,0.6470588235294118,0.0,0.24489795918367346,0.0,0.41025641025641024,0.0,0.2631578947368421,0.0
CF-5-59,0.55,0.0,0.21818181818181817,0.0,0.35555555555555557,0.0,0.26666666666666666,0.0
CF-5-60,0.5365853658536586,0.0,0.25925925925925924,0.0,0.34782608695652173,0.0,0.26,0.0
CF-5-61,0.5833333333333334,0.0,0.21568627450980393,0.0,0.4,0.0,0.20930232558139536,0.0
CF-5-62,0.55,0.0,0.21818181818181817,0.0,0.35555555555555557,0.0,0.2391304347826087,0.0
CF-5-63,0.5365853658536586,0.0,0.25925925925925924,0.0,0.34782608695652173,0.0,0.18,0.0
CF-5-65,0.4883720930232558,0.0,0.2222222222222222,0.0,0.3404255319148936,0.0,0.20408163265306123,0.0
CF-5-74,0.3673469387755102,0.0,0.18032786885245902,0.0,0.32,0.0,0.11320754716981132,0.0
CF-5-75,0.7105263157894737,1.0,0.19642857142857142,0.0,0.3695652173913043,0.0,0.14,0.0
CF-5-76,0.675,1.0,0.22641509433962265,0.0,0.41304347826086957,0.0,0.14814814814814814,0.0
CF-5-77,0.6585365853658537,1.0,0.17857142857142858,0.0,0.3469387755102041,0.0,0.1320754716981132,0.0
CF-5-78,0.5227272727272727,0.0,0.18032786885245902,0.0,0.3541666666666667,0.0,0.14814814814814814,0.0
CF-5-81,0.5833333333333334,0.0,0.24,0.0,0.4,0.0,0.16666666666666666,0.0
CF-5-84,0.4375,0.0,0.1935483870967742,0.0,0.3076923076923077,0.0,0.24489795918367346,0.0
CF-6-106,0.35714285714285715,0.0,0.22580645161290322,0.0,0.19298245614035087,0.0,0.16666666666666666,0.0
CF-6-108,0.26229508196721313,0.0,0.203125,0.0,0.20689655172413793,0.0,0.18518518518518517,0.0
CF-6-110,0.27419354838709675,0.0,0.1791044776119403,0.0,0.24561403508771928,0.0,0.1694915254237288,0.0
CF-6-111,0.2830188679245283,0.0,0.21428571428571427,0.0,0.18,0.0,0.1956521739130435,0.0
CF-6-112,0.35714285714285715,0.0,0.22580645161290322,0.0,0.19298245614035087,0.0,0.16666666666666666,0.0
CF-6-113,0.35714285714285715,0.0,0.22580645161290322,0.0,0.19298245614035087,0.0,0.16666666666666666,0.0
CF-6-114,0.2807017543859649,0.0,0.1774193548387097,0.0,0.2037037037037037,0.0,0.17647058823529413,0.0
CF-6-116,0.27419354838709675,0.0,0.1791044776119403,0.0,0.24561403508771928,0.0,0.1746031746031746,0.0
CF-6-121,0.25,0.0,0.2,0.0,0.18032786885245902,0.0,0.16071428571428573,0.0
CF-6-122,0.2,0.0,0.15384615384615385,0.0,0.2,0.0,0.16981132075471697,0.0
CF-6-124,0.22580645161290322,0.0,0.16923076923076924,0.0,0.1774193548387097,0.0,0.16666666666666666,0.0
CF-6-128,0.2413793103448276,0.0,0.17142857142857143,0.0,0.1935483870967742,0.0,0.16129032258064516,0.0
CF-6-129,0.29508196721311475,0.0,0.2153846153846154,0.0,0.14754098360655737,0.0,0.15789473684210525,0.0
CF-6-130,0.23214285714285715,0.0,0.16923076923076924,0.0,0.15517241379310345,0.0,0.16666666666666666,0.0
CF-6-19,0.21818181818181817,0.0,0.17543859649122806,0.0,0.2641509433962264,0.0,0.19607843137254902,0.0
CF-6-24,0.2807017543859649,0.0,0.21666666666666667,0.0,0.22,0.0,0.2,0.0
CF-6-26,0.23076923076923078,0.0,0.18181818181818182,0.0,0.16981132075471697,0.0,0.22,0.0
CF-6-33,0.3620689655172414,0.0,0.27419354838709675,0.0,0.18333333333333332,0.0,0.15789473684210525,0.0
CF-6-34,0.25757575757575757,0.0,0.23880597014925373,0.0,0.18461538461538463,0.0,0.16666666666666666,0.0
CF-6-38,0.234375,0.0,0.18309859154929578,0.0,0.18181818181818182,0.0,0.18333333333333332,0.0
CF-6-39,0.19642857142857142,0.0,0.15254237288135594,0.0,0.16071428571428573,0.0,0.20754716981132076,0.0
CF-6-40,0.23728813559322035,0.0,0.15942028985507245,0.0,0.16666666666666666,0.0,0.16666666666666666,0.0
CF-6-42,0.2413793103448276,0.0,0.16176470588235295,0.0,0.2033898305084746,0.0,0.1896551724137931,0.0
CF-6-44,0.22950819672131148,0.0,0.19047619047619047,0.0,0.21428571428571427,0.0,0.19230769230769232,0.0
CF-6-45,0.21666666666666667,0.0,0.19402985074626866,0.0,0.21666666666666667,0.0,0.17543859649122806,0.0
CF-6-46,0.21212121212121213,0.0,0.17647058823529413,0.0,0.19672131147540983,0.0,0.17543859649122806,0.0
CF-6-47,0.24528301886792453,0.0,0.15151515151515152,0.0,0.18518518518518517,0.0,0.2,0.0
CF-6-48,0.25,0.0,0.15384615384615385,0.0,0.21818181818181817,0.0,0.22641509433962265,0.0
CF-6-49,0.22807017543859648,0.0,0.14285714285714285,0.0,0.16666666666666666,0.0,0.1864406779661017,0.0
CF-6-56,0.2222222222222222,0.0,0.21311475409836064,0.0,0.16666666666666666,0.0,0.19642857142857142,0.0
CF-6-57,0.26,0.0,0.1774193548387097,0.0,0.1864406779661017,0.0,0.18867924528301888,0.0
CF-6-58,0.2833333333333333,0.0,0.18461538461538463,0.0,0.21428571428571427,0.0,0.16363636363636364,0.0
CF-6-62,0.2222222222222222,0.0,0.15,0.0,0.17647058823529413,0.0,0.2727272727272727,0.0
CF-6-64,0.2037037037037037,0.0,0.15,0.0,0.16666666666666666,0.0,0.2553191489361702,0.0
CF-6-70,0.27586206896551724,0.0,0.18032786885245902,0.0,0.18867924528301888,0.0,0.2553191489361702,0.0
CF-6-71,0.4090909090909091,0.0,0.2777777777777778,0.0,0.30434782608695654,0.0,0.19148936170212766,0.0
CF-6-73,0.25,0.0,0.25,0.0,0.18032786885245902,0.0,0.19230769230769232,0.0
CF-6-75,0.20634920634920634,0.0,0.1323529411764706,0.0,0.21428571428571427,0.0,0.18518518518518517,0.0
CF-6-82,0.21818181818181817,0.0,0.2542372881355932,0.0,0.17857142857142858,0.0,0.17307692307692307,0.0
CF-6-83,0.2857142857142857,0.0,0.22727272727272727,0.0,0.15384615384615385,0.0,0.13333333333333333,0.0
CF-6-86,0.25,0.0,0.21428571428571427,0.0,0.14492753623188406,0.0,0.14285714285714285,0.0
CF-6-96,0.30158730158730157,0.0,0.22388059701492538,0.0,0.16666666666666666,0.0,0.16666666666666666,0.0
CF-7-27,0.1702127659574468,0.0,0.1,0.0,0.12,0.0,0.18604651162790697,0.0
CF-7-28,0.17543859649122806,0.0,0.18181818181818182,0.0,0.16071428571428573,0.0,0.13559322033898305,0.0
CF-7-31,0.22916666666666666,0.0,0.20408163265306123,0.0,0.19148936170212766,0.0,0.27906976744186046,0.0
CF-7-35,0.19047619047619047,0.0,0.15384615384615385,0.0,0.2,0.0,0.2857142857142857,0.0
CF-8-03,0.2074074074074074,0.0,0.14049586776859505,0.0,0.15,0.0,0.11475409836065574,0.0
CF-8-06,0.18620689655172415,0.0,0.13076923076923078,0.0,0.12213740458015267,0.0,0.12,0.0
CF-8-12,0.17266187050359713,0.0,0.1694915254237288,0.0,0.13559322033898305,0.0,0.09401709401709402,0.0
CF-8-165,0.15492957746478872,0.0,0.18309859154929578,0.0,0.17647058823529413,0.0,0.15492957746478872,0.0
CF-8-166,0.14285714285714285,0.0,0.18421052631578946,0.0,0.16883116883116883,0.0,0.1506849315068493,0.0
CF-8-168,0.20481927710843373,0.0,0.2077922077922078,0.0,0.16216216216216217,0.0,0.12,0.0
CF-8-169,0.16,0.0,0.19736842105263158,0.0,0.17567567567567569,0.0,0.17105263157894737,0.0
CF-8-225,0.23880597014925373,0.0,0.15714285714285714,0.0,0.15714285714285714,0.0,0.16176470588235295,0.0
CF-8-239,0.17567567567567569,0.0,0.13580246913580246,0.0,0.17333333333333334,0.0,0.14473684210526316,0.0
CF-8-245,0.19696969696969696,0.0,0.15384615384615385,0.0,0.14705882352941177,0.0,0.140625,0.0
CF-8-253,0.1791044776119403,0.0,0.13513513513513514,0.0,0.15942028985507245,0.0,0.11940298507462686,0.0
CF-8-44,0.17647058823529413,0.0,0.19402985074626866,0.0,0.1875,0.0,0.13846153846153847,0.0
CF-8-48,0.17391304347826086,0.0,0.18461538461538463,0.0,0.18461538461538463,0.0,0.13636363636363635,0.0
CF-8-54,0.21311475409836064,0.0,0.2,0.0,0.2,0.0,0.16666666666666666,0.0
CF-8-58,0.19047619047619047,0.0,0.23728813559322035,0.0,0.21666666666666667,0.0,0.16393442622950818,0.0
CF-8-60,0.34545454545454546,0.0,0.26666666666666666,0.0,0.2857142857142857,0.0,0.14754098360655737,0.0
CF-9-06,0.27941176470588236,0.0,0.19402985074626866,0.0,0.15625,0.0,0.07575757575757576,0.0
CF-9-09,0.2647058823529412,0.0,0.19696969696969696,0.0,0.15873015873015872,0.0,0.07692307692307693,0.0
CF-9-13,0.38461538461538464,0.0,0.27692307692307694,0.0,0.26229508196721313,0.0,0.10606060606060606,0.0
CF-9-15,0.40625,0.0,0.296875,0.0,0.2833333333333333,0.0,0.09375,0.0
CF-9-17,0.3611111111111111,0.0,0.2638888888888889,0.0,0.25,0.0,0.11428571428571428,0.0
CF-9-19,0.3170731707317073,0.0,0.23170731707317074,0.0,0.21794871794871795,0.0,0.10975609756097561,0.0
CF-9-21,0.38461538461538464,0.0,0.25757575757575757,0.0,0.26229508196721313,0.0,0.10606060606060606,0.0
CF-9-22,0.38461538461538464,0.0,0.25757575757575757,0.0,0.26229508196721313,0.0,0.09375,0.0
CF-9-24,0.37681159420289856,0.0,0.2571428571428571,0.0,0.26153846153846155,0.0,0.09859154929577464,0.0
CF-9-25,0.3611111111111111,0.0,0.2465753424657534,0.0,0.25,0.0,0.11428571428571428,0.0
CF-9-26,0.3787878787878788,0.0,0.2537313432835821,0.0,0.25806451612903225,0.0,0.15625,0.0
CF-9-34,0.34375,0.0,0.29508196721311475,0.0,0.25862068965517243,0.0,0.11864406779661017,0.0
CSC000482201,0.2909090909090909,0.0,0.3148148148148148,0.0,0.21153846153846154,0.0,0.16,0.0
CSC000487489,0.3018867924528302,0.0,0.35294117647058826,0.0,0.22,0.0,0.16666666666666666,0.0
CSC000584532,0.37777777777777777,0.0,0.36,0.0,0.25,0.0,0.1956521739130435,0.0
CSC000599708,0.40476190476190477,0.0,0.1896551724137931,0.0,0.2978723404255319,0.0,0.18518518518518517,0.0
CSC000613162,0.33962264150943394,0.0,0.33962264150943394,0.0,0.21153846153846154,0.0,0.16,0.0
CSC000723025,0.3137254901960784,0.0,0.20689655172413793,0.0,0.19230769230769232,0.0,0.16326530612244897,0.0
CSC000758952,0.18181818181818182,0.0,0.13043478260869565,0.0,0.2,0.0,0.1794871794871795,0.0
CSC026025540,0.2857142857142857,0.0,0.2,0.0,0.19117647058823528,0.0,0.14516129032258066,0.0
CSC026257373,0.2698412698412698,0.0,0.16901408450704225,0.0,0.20967741935483872,0.0,0.12903225806451613,0.0
CSC026271276,0.25,0.0,0.2698412698412698,0.0,0.1935483870967742,0.0,0.15517241379310345,0.0
CSC026283272,0.27419354838709675,0.0,0.1791044776119403,0.0,0.16393442622950818,0.0,0.15789473684210525,0.0
CSC026287815,0.2698412698412698,0.0,0.2698412698412698,0.0,0.18461538461538463,0.0,0.15517241379310345,0.0
CSC026321400,0.2909090909090909,0.0,0.32142857142857145,0.0,0.2,0.0,0.1509433962264151,0.0
CSC026321816,0.3103448275862069,0.0,0.288135593220339,0.0,0.19298245614035087,0.0,0.14545454545454545,0.0
CSC026321858,0.2807017543859649,0.0,0.30357142857142855,0.0,0.2037037037037037,0.0,0.1111111111111111,0.0
CSC026379739,0.2631578947368421,0.0,0.14516129032258066,0.0,0.25,0.0,0.12280701754385964,0.0
CSC026405011,0.21428571428571427,0.0,0.15789473684210525,0.0,0.18055555555555555,0.0,0.16901408450704225,0.0
CSC026662386,0.27692307692307694,0.0,0.2463768115942029,0.0,0.17647058823529413,0.0,0.140625,0.0
CSC026686581,0.5454545454545454,0.0,0.21311475409836064,0.0,0.2,0.0,0.19607843137254902,0.0
CSC026692485,0.32075471698113206,0.0,0.21212121212121213,0.0,0.203125,0.0,0.13636363636363635,0.0
CSC026693315,0.3829787234042553,0.0,0.3392857142857143,0.0,0.24074074074074073,0.0,0.16666666666666666,0.0
CSC026803846,0.25396825396825395,0.0,0.27419354838709675,0.0,0.19672131147540983,0.0,0.15789473684210525,0.0
CSC026806135,0.27419354838709675,0.0,0.1791044776119403,0.0,0.16923076923076924,0.0,0.17857142857142858,0.0
CSC026807203,0.23943661971830985,0.0,0.15789473684210525,0.0,0.1643835616438356,0.0,0.10666666666666667,0.0
CSC026820179,0.27419354838709675,0.0,0.22388059701492538,0.0,0.19696969696969696,0.0,0.15,0.0
CSC026862760,0.26785714285714285,0.0,0.2459016393442623,0.0,0.1724137931034483,0.0,0.14545454545454545,0.0
CSC026866345,0.3333333333333333,0.0,0.2786885245901639,0.0,0.20967741935483872,0.0,0.1774193548387097,0.0
CSC026866568,0.2857142857142857,0.0,0.2711864406779661,0.0,0.17543859649122806,0.0,0.14814814814814814,0.0
CSC026868280,0.32,0.0,0.1875,0.0,0.19298245614035087,0.0,0.16666666666666666,0.0
CSC026898121,0.2833333333333333,0.0,0.19402985074626866,0.0,0.25,0.0,0.19642857142857142,0.0
CSC026903583,0.28125,0.0,0.18840579710144928,0.0,0.16923076923076924,0.0,0.14285714285714285,0.0
CSC026907877,0.3157894736842105,0.0,0.2,0.0,0.19672131147540983,0.0,0.16071428571428573,0.0
CSC026922611,0.3269230769230769,1.0,0.2,0.0,0.20754716981132076,0.0,0.1568627450980392,0.0
CSC026966465,0.31666666666666665,0.0,0.17142857142857143,0.0,0.21311475409836064,0.0,0.14285714285714285,0.0
CSC027030125,0.2833333333333333,1.0,0.17647058823529413,0.0,0.18032786885245902,0.0,0.13559322033898305,0.0
CSC027099832,0.203125,0.0,0.15942028985507245,0.0,0.26666666666666666,0.0,0.19047619047619047,0.0
CSC027131237,0.24242424242424243,0.0,0.2028985507246377,0.0,0.234375,0.0,0.2,0.0
CSC027151389,0.2909090909090909,0.0,0.2542372881355932,0.0,0.17857142857142858,0.0,0.1509433962264151,0.0
CSC027181936,0.27419354838709675,0.0,0.18840579710144928,0.0,0.1791044776119403,0.0,0.15,0.0
CSC027185584,0.296875,0.0,0.1780821917808219,0.0,0.2,0.0,0.15714285714285714,0.0
CSC027185733,0.288135593220339,0.0,0.19696969696969696,0.0,0.18333333333333332,0.0,0.13793103448275862,0.0
CSC027190844,0.3275862068965517,0.0,0.17647058823529413,0.0,0.22033898305084745,0.0,0.171875,0.0
CSC027222896,0.2982456140350877,1.0,0.18461538461538463,0.0,0.1896551724137931,0.0,0.15517241379310345,0.0
CSC027282453,0.17647058823529413,0.0,0.12,0.0,0.20833333333333334,0.0,0.09090909090909091,0.0
CSC027341828,0.32142857142857145,0.0,0.2727272727272727,0.0,0.20634920634920634,0.0,0.22950819672131148,0.0
CSC027355654,0.23076923076923078,0.0,0.15254237288135594,0.0,0.2549019607843137,0.0,0.13793103448275862,0.0
CSC027395181,0.2857142857142857,0.0,0.22950819672131148,0.0,0.17543859649122806,0.0,0.16981132075471697,0.0
CSC027398667,0.21518987341772153,0.0,0.18666666666666668,0.0,0.19444444444444445,0.0,0.10526315789473684,0.0
CSC027465278,0.2463768115942029,0.0,0.22857142857142856,0.0,0.14705882352941177,0.0,0.12307692307692308,0.0
CSC027482139,0.31343283582089554,0.0,0.14666666666666667,0.0,0.22727272727272727,0.0,0.22727272727272727,0.0
CSC027531052,0.2698412698412698,0.0,0.2903225806451613,0.0,0.18032786885245902,0.0,0.13559322033898305,0.0
CSC027541174,0.2903225806451613,0.0,0.16901408450704225,0.0,0.171875,0.0,0.13043478260869565,0.0
CSC027567290,0.22972972972972974,0.0,0.19736842105263158,0.0,0.16216216216216217,0.0,0.08333333333333333,0.0
CSC027575170,0.24242424242424243,0.0,0.14285714285714285,0.0,0.23728813559322035,0.0,0.11666666666666667,0.0
CSC027612047,0.2,0.0,0.15151515151515152,0.0,0.22033898305084745,0.0,0.11864406779661017,0.0
CSC027615804,0.24489795918367346,0.0,0.15384615384615385,0.0,0.3111111111111111,0.0,0.1276595744680851,0.0
CSC027618409,0.3103448275862069,0.0,0.19696969696969696,0.0,0.26785714285714285,0.0,0.15789473684210525,0.0
CSC027618420,0.3,0.0,0.1527777777777778,0.0,0.21875,0.0,0.09375,0.0
CSC027619059,0.25862068965517243,0.0,0.13636363636363635,0.0,0.22413793103448276,0.0,0.1206896551724138,0.0
CSC027619078,0.21428571428571427,0.0,0.14754098360655737,0.0,0.2692307692307692,0.0,0.1320754716981132,0.0
CSC027659709,0.22058823529411764,0.0,0.22058823529411764,0.0,0.22950819672131148,0.0,0.16417910447761194,0.0
CSC027661285,0.234375,0.0,0.234375,0.0,0.15873015873015872,0.0,0.15789473684210525,0.0
CSC027661759,0.2222222222222222,0.0,0.24193548387096775,0.0,0.15254237288135594,0.0,0.16363636363636364,0.0
CSC027663852,0.24242424242424243,0.0,0.22388059701492538,0.0,0.16176470588235295,0.0,0.1896551724137931,0.0
CSC027665728,0.24285714285714285,0.0,0.22535211267605634,0.0,0.15714285714285714,0.0,0.11594202898550725,0.0
CSC027674059,0.3114754098360656,0.0,0.18571428571428572,0.0,0.23076923076923078,0.0,0.12903225806451613,0.0
CSC027732631,0.18461538461538463,0.0,0.15492957746478872,0.0,0.15384615384615385,0.0,0.1896551724137931,0.0
CSC027751277,0.29508196721311475,0.0,0.234375,0.0,0.21666666666666667,0.0,0.15789473684210525,0.0
CSC027753125,0.27586206896551724,0.0,0.3050847457627119,0.0,0.1896551724137931,0.0,0.14285714285714285,0.0
CSC027785401,0.2608695652173913,0.0,0.25,0.0,0.1791044776119403,0.0,0.125,0.0
CSC027824530,0.3157894736842105,0.0,0.3157894736842105,0.0,0.28846153846153844,0.0,0.1864406779661017,0.0
CSC027828492,0.21666666666666667,0.0,0.18571428571428572,0.0,0.14285714285714285,0.0,0.12903225806451613,0.0
CSC027898502,1.0,1.0,0.3275862068965517,0.0,0.42,0.0,0.10344827586206896,0.0
CSC028124968,0.21818181818181817,0.0,0.13793103448275862,0.0,0.25,0.0,0.12727272727272726,0.0
CSC030045833,0.2833333333333333,0.0,0.18461538461538463,0.0,0.1896551724137931,0.0,0.18032786885245902,0.0
CSC038749625,0.2033898305084746,0.0,0.16417910447761194,0.0,0.1694915254237288,0.0,0.18181818181818182,0.0
CSC056747531,0.203125,0.0,0.16417910447761194,0.0,0.15,0.0,0.16071428571428573,0.0
CSC057765040,0.3466666666666667,0.0,0.1791044776119403,0.0,0.23333333333333334,0.0,0.15,0.0
CSC058763792,0.22950819672131148,0.0,0.15151515151515152,0.0,0.18333333333333332,0.0,0.15789473684210525,0.0
CSC058941942,0.2463768115942029,0.0,0.22857142857142856,0.0,0.14285714285714285,0.0,0.12307692307692308,0.0
CSC067257834,0.22580645161290322,0.0,0.15714285714285714,0.0,0.22033898305084745,0.0,0.13333333333333333,0.0
CSC081490344,0.19696969696969696,0.0,0.15942028985507245,0.0,0.14516129032258066,0.0,0.17543859649122806,0.0
CSC083125584,0.34177215189873417,0.0,0.18309859154929578,0.0,0.21875,0.0,0.12121212121212122,0.0
CSC087610857,0.288135593220339,0.0,0.22058823529411764,0.0,0.23076923076923078,0.0,0.21666666666666667,0.0
CSC090602280,0.25,0.0,0.1891891891891892,0.0,0.14864864864864866,0.0,0.13636363636363635,0.0
CSC092748935,0.3770491803278688,0.0,0.21739130434782608,0.0,0.26229508196721313,0.0,0.1746031746031746,0.0
CSC093223546,0.20588235294117646,0.0,0.21212121212121213,0.0,0.1746031746031746,0.0,0.15517241379310345,0.0
CSC096731571,0.19402985074626866,0.0,0.17391304347826086,0.0,0.15384615384615385,0.0,0.1724137931034483,0.0
CSC096821497,0.2878787878787879,0.0,0.24242424242424243,0.0,0.22388059701492538,0.0,0.171875,0.0
CSC097045727,0.2840909090909091,0.0,0.16666666666666666,0.0,0.16216216216216217,0.0,0.125,0.0
CSC102892928,0.33962264150943394,0.0,0.21311475409836064,0.0,0.2033898305084746,0.0,0.1896551724137931,0.0
CSC103954470,0.32142857142857145,0.0,0.21311475409836064,0.0,0.18333333333333332,0.0,0.17307692307692307,0.0
CSC104774340,0.19672131147540983,0.0,0.12121212121212122,0.0,0.2777777777777778,0.0,0.11290322580645161,0.0
CSC106192597,0.24705882352941178,0.0,0.16666666666666666,0.0,0.234375,0.0,0.16393442622950818,0.0
CSC106542153,0.2328767123287671,0.0,0.21333333333333335,0.0,0.1780821917808219,0.0,0.13043478260869565,0.0
CSC133034860,0.2777777777777778,0.0,0.22033898305084745,0.0,0.16363636363636364,0.0,0.1568627450980392,0.0
CSC133055435,0.25757575757575757,0.0,0.23880597014925373,0.0,0.16666666666666666,0.0,0.09859154929577464,0.0
CSC133078445,0.24074074074074073,0.0,0.16363636363636364,0.0,0.22641509433962265,0.0,0.22641509433962265,0.0
CSC133150101,0.25,0.0,0.1774193548387097,0.0,0.16071428571428573,0.0,0.17647058823529413,0.0
CSC138464531,0.22857142857142856,0.0,0.2112676056338028,0.0,0.14705882352941177,0.0,0.12307692307692308,0.0
CSC138552571,0.23076923076923078,0.0,0.15789473684210525,0.0,0.2653061224489796,0.0,0.19148936170212766,0.0
CSSS00026264922,0.2962962962962963,0.0,0.1746031746031746,0.0,0.2909090909090909,0.0,0.1076923076923077,0.0
CSSS00026569111,0.41818181818181815,0.0,0.17391304347826086,0.0,0.2413793103448276,0.0,0.15254237288135594,0.0
CSSS00027094962,0.49206349206349204,0.0,0.29850746268656714,0.0,0.24615384615384617,0.0,0.1044776119402985,0.0
CSSS00027380692,0.5362318840579711,0.0,0.18309859154929578,0.0,0.24615384615384617,0.0,0.1746031746031746,0.0
CSSS00027403153,0.358974358974359,0.0,0.16666666666666666,0.0,0.17391304347826086,0.0,0.1044776119402985,0.0
CSSS00027692262,0.24528301886792453,0.0,0.15151515151515152,0.0,0.1774193548387097,0.0,0.2,0.0
CSSS00027692525,0.24074074074074073,0.0,0.14925373134328357,0.0,0.1746031746031746,0.0,0.19642857142857142,0.0
CSSS00027837091,0.19696969696969696,0.0,0.24561403508771928,0.0,0.14516129032258066,0.0,0.17543859649122806,0.0
CSSS00027837527,0.2153846153846154,0.0,0.1935483870967742,0.0,0.13846153846153847,0.0,0.11666666666666667,0.0
CSSS00066938183,0.14666666666666667,0.0,0.12987012987012986,0.0,0.11428571428571428,0.0,0.16666666666666666,0.0
CSSS00103857486,0.21212121212121213,0.0,0.22033898305084745,0.0,0.1694915254237288,0.0,0.1724137931034483,0.0
CSSS00105258832,0.3717948717948718,0.0,0.17142857142857143,0.0,0.18840579710144928,0.0,0.13636363636363635,0.0
CSSS00106254874,0.3670886075949367,0.0,0.14666666666666667,0.0,0.18571428571428572,0.0,0.15151515151515152,0.0
CSSS00116250816,0.2878787878787879,0.0,0.14285714285714285,0.0,0.16666666666666666,0.0,0.140625,0.0
CSSS00138457091,0.2077922077922078,0.0,0.18055555555555555,0.0,0.1643835616438356,0.0,0.17391304347826086,0.0
CSSS00138524351,0.2077922077922078,0.0,0.25,0.0,0.1643835616438356,0.0,0.15714285714285714,0.0
CSSS00138524354,0.2236842105263158,0.0,0.19718309859154928,0.0,0.1643835616438356,0.0,0.15714285714285714,0.0
CSSS00138524364,0.21052631578947367,0.0,0.18309859154929578,0.0,0.18309859154929578,0.0,0.17647058823529413,0.0
CSSS00138524375,0.21052631578947367,0.0,0.16666666666666666,0.0,0.16666666666666666,0.0,0.23076923076923078,0.0
CSSS00138524389,0.2077922077922078,0.0,0.4166666666666667,1.0,0.1643835616438356,0.0,0.15714285714285714,0.0
CSSS00138524451,0.25757575757575757,0.0,0.15714285714285714,0.0,0.2,0.0,0.15625,0.0
CSSS00138524453,0.21333333333333335,0.0,0.18571428571428572,0.0,0.16901408450704225,0.0,0.16176470588235295,0.0
CSSS00138524480,0.2191780821917808,0.0,0.18309859154929578,0.0,0.18309859154929578,0.0,0.17647058823529413,0.0
CSSS00138524486,0.2112676056338028,0.0,0.14084507042253522,0.0,0.17391304347826086,0.0,0.1323529411764706,0.0
CSSS00138529240,0.20967741935483872,0.0,0.2153846153846154,0.0,0.17391304347826086,0.0,0.171875,0.0
CSSS00160446616,0.2982456140350877,0.0,0.16666666666666666,0.0,0.21052631578947367,0.0,0.18518518518518517,0.0
D203-0030,0.24358974358974358,0.0,0.1686746987951807,0.0,0.20270270270270271,0.0,0.13580246913580246,0.0
D203-0031,0.24358974358974358,0.0,0.15476190476190477,0.0,0.20270270270270271,0.0,0.13580246913580246,0.0
D203-0058,0.28169014084507044,0.0,0.1518987341772152,0.0,0.2112676056338028,0.0,0.11428571428571428,0.0
E859-0348,0.24,0.0,0.14814814814814814,0.0,0.1917808219178082,0.0,0.1111111111111111,0.0
MCULE-3274308330,0.22857142857142856,0.0,0.1527777777777778,0.0,0.18461538461538463,0.0,0.21666666666666667,0.0
MCULE-4990117039,0.3230769230769231,1.0,0.15384615384615385,0.0,0.16,0.0,0.0958904109589041,0.0
MCULE-6306622420,0.2112676056338028,0.0,0.13513513513513514,0.0,0.1891891891891892,0.0,0.09333333333333334,0.0
MCULE-8127450569,0.1864406779661017,0.0,0.14285714285714285,0.0,0.25925925925925924,0.0,0.171875,0.0
MCULE-8998162305,0.17142857142857143,0.0,0.15942028985507245,0.0,0.15151515151515152,0.0,0.09375,0.0
MCULE-9414144954,0.2153846153846154,0.0,0.1791044776119403,0.0,0.18461538461538463,0.0,0.18461538461538463,0.0
MCULE-9709219277,0.18181818181818182,0.0,0.14285714285714285,0.0,0.2,0.0,0.18571428571428572,0.0
PV-001852675955,0.2564102564102564,0.0,0.24050632911392406,0.0,0.1625,0.0,0.14864864864864866,0.0
PV-001947635354,0.2054794520547945,0.0,0.17721518987341772,0.0,0.23529411764705882,0.0,0.19402985074626866,0.0
STL569478,0.16666666666666666,0.0,0.10666666666666667,0.0,0.12987012987012986,0.0,0.1095890410958904,0.0
UNC-AH-01-013,0.23529411764705882,0.0,0.23076923076923078,0.0,0.21153846153846154,0.0,0.22448979591836735,0.0
UNC-AH-01-028,0.24528301886792453,0.0,0.22641509433962265,0.0,0.24,0.0,0.22,0.0
UNC-AH-01-043,0.4444444444444444,0.0,0.2619047619047619,0.0,0.2926829268292683,0.0,0.3611111111111111,0.0
UNC-AH-01-047,0.3125,0.0,0.25925925925925924,0.0,0.22916666666666666,0.0,0.28888888888888886,0.0
UNC-AH-01-048,0.27906976744186046,0.0,0.24444444444444444,0.0,0.2619047619047619,0.0,0.3333333333333333,0.0
UNC-AH-01-056,0.391304347826087,0.0,0.4791666666666667,0.0,0.25,0.0,0.22,0.0
UNC-AH-01-061,0.2619047619047619,0.0,0.23809523809523808,0.0,0.225,0.0,0.5483870967741935,0.0
UNC-AH-01-062,0.30434782608695654,0.0,0.25,0.0,0.23809523809523808,0.0,0.34210526315789475,0.0
UNC-AH-01-064,0.3541666666666667,0.0,0.20408163265306123,0.0,0.24444444444444444,0.0,0.30952380952380953,0.0
UNC-AH-01-065,0.3333333333333333,0.0,0.20408163265306123,0.0,0.24444444444444444,0.0,0.30952380952380953,0.0
UNC-AH-01-066,0.36,0.0,0.22448979591836735,0.0,0.2391304347826087,0.0,0.3023255813953488,0.0
UNC-AH-01-084,0.4186046511627907,0.0,0.4782608695652174,0.0,0.24,0.0,0.28888888888888886,0.0
UNC-AH-02-012,0.3018867924528302,0.0,0.2,0.0,0.17857142857142858,0.0,0.5476190476190477,1.0
UNC-AH-02-016,0.2857142857142857,0.0,0.20689655172413793,0.0,0.14545454545454545,0.0,0.5,1.0
UNC-AH-02-020,0.2777777777777778,0.0,0.14285714285714285,0.0,0.15789473684210525,0.0,0.5116279069767442,1.0
UNC-AH-02-068,0.6170212765957447,0.0,0.19230769230769232,0.0,0.17307692307692307,0.0,0.1111111111111111,0.0
UNC-AH-02-070,0.425,0.0,0.2619047619047619,0.0,0.14285714285714285,0.0,0.13333333333333333,0.0
UNC-AH-02-076,0.25,0.0,0.16393442622950818,0.0,0.2857142857142857,1.0,0.4878048780487805,1.0
UNC-AH-02-077B,0.22033898305084745,0.0,0.20967741935483872,0.0,0.18333333333333332,0.0,0.4166666666666667,1.0
UNC-AH-02-077C,0.28,0.0,0.1864406779661017,0.0,0.16,0.0,0.5384615384615384,1.0
UNC-AH-02-081,0.2916666666666667,0.0,0.18181818181818182,0.0,0.15384615384615385,0.0,0.5263157894736842,1.0
UNC-AH-02-082,0.3125,0.0,0.16666666666666666,0.0,0.17647058823529413,0.0,0.6388888888888888,1.0
UNC-AH-03-007C,0.5094339622641509,0.0,0.19672131147540983,0.0,0.18181818181818182,0.0,0.0967741935483871,0.0
UNC-AH-03-007E,0.509090909090909,0.0,0.23214285714285715,0.0,0.15,0.0,0.09836065573770492,0.0
UNC-AH-03-008A,0.26,0.0,0.22916666666666666,0.0,0.19230769230769232,0.0,0.12962962962962962,0.0
UNC-AH-03-008I,0.3137254901960784,0.0,0.17307692307692307,0.0,0.17857142857142858,0.0,0.16071428571428573,0.0
UNC-AH-03-019G1,1.0,1.0,0.22448979591836735,0.0,0.35555555555555557,0.0,0.125,0.0
UNC-AH-03-095B,0.38596491228070173,0.0,0.24615384615384617,0.0,0.2833333333333333,0.0,0.12121212121212122,0.0
UNC-AH-05-009,0.19607843137254902,0.0,0.16981132075471697,0.0,0.18,0.0,0.28888888888888886,0.0
UNC-AH-3-075D,0.55,1.0,0.30303030303030304,0.0,0.25,0.0,0.08955223880597014,0.0
UNC-AH-3-075E,0.5245901639344263,1.0,0.2835820895522388,0.0,0.23076923076923078,0.0,0.10144927536231885,0.0
UNC-AH-3-075F,0.5238095238095238,1.0,0.2898550724637681,0.0,0.23880597014925373,0.0,0.11267605633802817,0.0
UNC-AH-3-082F,0.5081967213114754,1.0,0.1643835616438356,0.0,0.234375,0.0,0.09090909090909091,0.0
UNC-AH-3-082I,0.5161290322580645,1.0,0.1917808219178082,0.0,0.265625,0.0,0.11594202898550725,0.0
UNC-AH-3-86B,0.375,0.0,0.234375,0.0,0.2711864406779661,0.0,0.125,0.0
UNC-AH-3-87B,0.36619718309859156,0.0,0.2676056338028169,0.0,0.2537313432835821,0.0,0.1111111111111111,0.0
UNC-ZDG-148-2,0.2711864406779661,0.0,0.19402985074626866,0.0,0.23333333333333334,0.0,0.11940298507462686,0.0
UNC-ZDG-150-1,0.25,0.0,0.15,0.0,0.19047619047619047,0.0,0.13333333333333333,0.0
UNC-ZDG-150-3,0.25316455696202533,0.0,0.1323529411764706,0.0,0.1935483870967742,0.0,0.19642857142857142,0.0
UNC-ZDG-150-6,0.26666666666666666,0.0,0.23728813559322035,0.0,0.1864406779661017,0.0,0.14545454545454545,0.0
UNC-ZDG-167-1,0.37735849056603776,0.0,0.16393442622950818,0.0,0.18333333333333332,0.0,0.13114754098360656,0.0
UNC-ZDG-182-2,0.22807017543859648,0.0,0.2413793103448276,0.0,0.25925925925925924,0.0,0.14035087719298245,0.0
UNC-ZDG-183-2,0.22950819672131148,0.0,0.203125,0.0,0.21666666666666667,0.0,0.13559322033898305,0.0
UNC-ZDG-190,0.5227272727272727,0.0,0.1896551724137931,0.0,0.3541666666666667,0.0,0.14545454545454545,0.0
UNC-ZDG-194-1,0.4307692307692308,1.0,0.16216216216216217,0.0,0.19402985074626866,0.0,0.10606060606060606,0.0
UNC-ZDG-194-5,0.576271186440678,1.0,0.2112676056338028,0.0,0.25,0.0,0.08955223880597014,0.0
UNC-ZDG-200-2,0.2807017543859649,0.0,0.22950819672131148,0.0,0.30357142857142855,0.0,0.30357142857142855,0.0
UNC-ZDG-201-1,0.40816326530612246,0.0,0.23333333333333334,0.0,0.25,0.0,0.391304347826087,0.0
UNC-ZDG-293-1,0.37735849056603776,0.0,0.16393442622950818,0.0,0.18333333333333332,0.0,0.13114754098360656,0.0
UNC-ZDG-293-2,0.36363636363636365,0.0,0.140625,0.0,0.1774193548387097,0.0,0.109375,0.0
UNC-ZDG-293-3,0.38461538461538464,0.0,0.16666666666666666,0.0,0.1935483870967742,0.0,0.13333333333333333,0.0
UNC-ZDG-294-1,0.36363636363636365,0.0,0.15873015873015872,0.0,0.1774193548387097,0.0,0.12698412698412698,0.0
UNC-ZDG-294-3,0.3888888888888889,0.0,0.19672131147540983,0.0,0.19672131147540983,0.0,0.12698412698412698,0.0
UNC-ZDG-436-A,0.22727272727272727,0.0,0.18823529411764706,0.0,0.15853658536585366,0.0,0.14285714285714285,0.0
UNC-ZDG-438-A,0.14678899082568808,0.0,0.17073170731707318,0.0,0.1566265060240964,0.0,0.13953488372093023,0.0
UNC-ZDG-81-1,0.21739130434782608,0.0,0.15151515151515152,0.0,0.18461538461538463,0.0,0.1896551724137931,0.0
UNC-ZDG-81-10,0.24285714285714285,0.0,0.16049382716049382,0.0,0.19736842105263158,0.0,0.2,0.0
UNC-ZDG-81-11,0.19736842105263158,0.0,0.11904761904761904,0.0,0.1518987341772152,0.0,0.13513513513513514,0.0
UNC-ZDG-81-2,0.2077922077922078,0.0,0.14285714285714285,0.0,0.2571428571428571,0.0,0.1780821917808219,0.0
UNC-ZDG-81-3,0.25675675675675674,0.0,0.1566265060240964,0.0,0.19230769230769232,0.0,0.19444444444444445,0.0
UNC-ZDG-81-5,0.20512820512820512,0.0,0.1411764705882353,0.0,0.18666666666666668,0.0,0.16,0.0
UNC-ZDG-81-6,0.26582278481012656,0.0,0.18292682926829268,0.0,0.1686746987951807,0.0,0.16883116883116883,0.0
UNC-ZDG-81-7,0.2125,0.0,0.17647058823529413,0.0,0.1686746987951807,0.0,0.16883116883116883,0.0
UNC-ZDG-81-8,0.22972972972972974,0.0,0.15294117647058825,0.0,0.1875,0.0,0.1891891891891892,0.0
UNC-ZDG-81-9,0.22972972972972974,0.0,0.15294117647058825,0.0,0.1875,0.0,0.1891891891891892,0.0
UNC-ZDG-82-9,0.32098765432098764,0.0,0.24242424242424243,0.0,0.21875,0.0,0.171875,0.0
UNC-ZDG-83-10,0.2698412698412698,0.0,0.1527777777777778,0.0,0.22950819672131148,0.0,0.19672131147540983,0.0
UNC-ZDG-83-6,0.3235294117647059,0.0,0.20833333333333334,0.0,0.20588235294117646,0.0,0.1643835616438356,0.0
UNC-ZDG-83-7,0.2463768115942029,0.0,0.17105263157894737,0.0,0.208955223880597,0.0,0.16176470588235295,0.0
UNC-ZDG-84-1,0.24193548387096775,0.0,0.14285714285714285,0.0,0.16393442622950818,0.0,0.21818181818181817,0.0
UNC-ZDG-86-1,0.3050847457627119,0.0,0.2,0.0,0.2459016393442623,0.0,0.234375,0.0
UNC-ZDG-86-2,0.30357142857142855,0.0,0.15942028985507245,0.0,0.3333333333333333,0.0,0.1864406779661017,0.0
UNC-ZDG-86-3,0.34545454545454546,0.0,0.17391304347826086,0.0,0.22950819672131148,0.0,0.21428571428571427,0.0
UNC-ZDG-86-4,0.30357142857142855,0.0,0.16666666666666666,0.0,0.27586206896551724,0.0,0.16666666666666666,0.0
UNC-ZDG-86-6,0.3333333333333333,0.0,0.2,0.0,0.23809523809523808,0.0,0.1746031746031746,0.0
UNC-ZDG-86-7,0.3392857142857143,0.0,0.17142857142857143,0.0,0.22580645161290322,0.0,0.2,0.0
UNC-ZDG-86-9,0.26785714285714285,0.0,0.13043478260869565,0.0,0.2,0.0,0.13333333333333333,0.0
UNC-ZDG-87-2,0.24615384615384617,0.0,0.1891891891891892,0.0,0.22388059701492538,0.0,0.18571428571428572,0.0
UNC-ZDG-87-3,0.24193548387096775,0.0,0.1506849315068493,0.0,0.26666666666666666,0.0,0.1746031746031746,0.0
UNC-ZDG-87-4,0.24193548387096775,0.0,0.17391304347826086,0.0,0.25806451612903225,0.0,0.15625,0.0
UNC-ZDG-87-5,0.2727272727272727,0.0,0.14864864864864866,0.0,0.25396825396825395,0.0,0.15384615384615385,0.0
UNC-ZDG-87-6,0.31343283582089554,0.0,0.1891891891891892,0.0,0.22388059701492538,0.0,0.16417910447761194,0.0
UNC-ZDG-87-7,0.27419354838709675,0.0,0.16216216216216217,0.0,0.22058823529411764,0.0,0.1875,0.0
UNC-ZDG-87-8,0.29310344827586204,0.0,0.17142857142857143,0.0,0.2459016393442623,0.0,0.2,0.0
UNC-ZDG-91-1,0.21428571428571427,0.0,0.19402985074626866,0.0,0.17647058823529413,0.0,0.20634920634920634,0.0
UNC-ZDG-91-4,0.19718309859154928,0.0,0.19402985074626866,0.0,0.17647058823529413,0.0,0.20634920634920634,0.0
UNC-ZDG-91-5,0.2,0.0,0.2054794520547945,0.0,0.17142857142857143,0.0,0.18181818181818182,0.0
UNC-ZDG-93-1,0.19117647058823528,0.0,0.21666666666666667,0.0,0.15873015873015872,0.0,0.1694915254237288,0.0
UNC-ZDG-93-3,0.20634920634920634,0.0,0.22413793103448276,0.0,0.16393442622950818,0.0,0.19642857142857142,0.0
UNC-ZDG-93-4,0.1935483870967742,0.0,0.15384615384615385,0.0,0.1694915254237288,0.0,0.12727272727272726,0.0
Z1020943668,0.2465753424657534,0.0,0.189873417721519,0.0,0.16216216216216217,1.0,0.12,0.0
Z1023598674,0.21794871794871795,0.0,0.13953488372093023,0.0,0.14814814814814814,0.0,0.0759493670886076,0.0
Z1711992926,0.22388059701492538,0.0,0.16455696202531644,0.0,0.15584415584415584,0.0,0.1388888888888889,0.0
Z1919904347,0.23376623376623376,0.0,0.2,0.0,0.2073170731707317,0.0,0.1125,0.0
Z33046454,0.19117647058823528,0.0,0.19117647058823528,0.0,0.18032786885245902,0.0,0.19298245614035087,0.0
Z787494002,0.2077922077922078,0.0,0.14634146341463414,0.0,0.15584415584415584,0.0,0.125,0.0
Z795991852,0.22330097087378642,0.0,0.25301204819277107,0.0,0.1875,0.0,0.1375,0.0
Z979336988,0.32432432432432434,0.0,0.1951219512195122,0.0,0.1625,0.0,0.14864864864864866,0.0
ZDG-049,0.3170731707317073,0.0,0.14666666666666667,0.0,0.23880597014925373,0.0,0.1875,0.0
