compound_id,canonical_smiles,fold,is_binder,pKD_global_mean,oof_p_binder_morgan_xgb,oof_ensemble_rank_score,oof_rank_norm_morgan_xgb
1000062067,COc1cccc(Nc2ccccc2C(=O)N2CC[C@@H](O)[C@@H](O)C2)c1,3,false,2.890109975118567,0.14274799823760986,0.5084745762711864,0.5084745762711864
1000065718,COc1ccc(C(=O)Nc2ccccc2C(=O)N2CC[C@@H](O)[C@@H](O)C2)cc1,3,false,2.5403721597408295,0.14341861009597778,0.5112994350282486,0.5112994350282486
1167298751,CN(CC1CCCNC1)C(=O)c1ccc(=O)n(Cc2ccccc2Cl)c1,0,false,2.8363811201272076,0.05351078137755394,0.15112994350282485,0.15112994350282485
1181032117,NC(=O)C1CCN1C(=O)NC1CCN(c2ccccc2Cl)C1=O,5,false,2.365909297963787,0.059835534542798996,0.18785310734463276,0.18785310734463276
1192001018,O=C(c1occc1CN1C(=O)Cc2ccccc21)N1CCC(O)C1,3,false,2.988120443146682,0.08297359198331833,0.3192090395480226,0.3192090395480226
1390181723,O=C(NCC1(O)CCOc2ccccc21)C1OCCc2ccccc21,3,false,2.741112000381227,0.09301795065402985,0.365819209039548,0.365819209039548
1408803353,COC1CCN(C(=O)c2ccccc2Nc2ccccc2)C1,3,false,2.933807050208411,0.07983235269784927,0.3064971751412429,0.3064971751412429
1443520257,CC1=NOC(C)(CNC(=O)C2OCCc3ccccc32)C1,3,false,2.2624852509433713,0.07665996998548508,0.2853107344632768,0.2853107344632768
162723460,COC1CCCN(C(=O)c2ccccc2Nc2ccc(C)cc2)C1,3,false,2.8373049548092264,0.19793492555618286,0.6031073446327684,0.6031073446327684
162826242,COC1CCCN(C(=O)c2ccccc2Nc2ccc(OC(F)F)cc2)C1,3,false,2.354321056684698,0.14391382038593292,0.5155367231638418,0.5155367231638418
173355673,CN(CC1CCCO1)C(=O)c1ccc(=O)n(Cc2ccccc2Cl)c1,0,false,2.751116081281551,0.04749254882335663,0.11299435028248588,0.11299435028248588
182917741,CS(=O)(=O)NC1CCCN(C(=O)c2occc2CN2C(=O)Cc3ccccc32)C1,3,false,2.7441832433923032,0.14004984498023987,0.5028248587570622,0.5028248587570622
268757722,O=C(Nc1ncccc1O)C1CC(=O)N(c2c(F)cccc2F)C1,0,false,2.8682547832756664,0.3042445480823517,0.693502824858757,0.693502824858757
283812978,COC(=O)C1CCN(C(=O)c2ccccc2Nc2ccc(C)cc2)C1,3,false,2.831157161978425,0.25653281807899475,0.6440677966101694,0.6440677966101694
302181339,CN1CCC(N(C)C(=O)c2ccc(=O)n(Cc3ccccc3Cl)c2)C1=O,0,false,2.881901889586504,0.05725371837615967,0.1709039548022599,0.1709039548022599
342853879,Cc1ccc(S(C)(=O)=O)cc1C(=O)NC1CCN(c2ccccc2Cl)C1=O,5,false,2.6933148710185884,0.06586671620607376,0.22598870056497175,0.22598870056497175
354012616,Cc1ccc(NC(=O)C(=O)NC2CCN(c3ccccc3Cl)C2=O)cc1,5,false,2.4511834020634047,0.1708635836839676,0.5522598870056498,0.5522598870056498
427095899,Cc1ccc(NC2CCCN(c3ccccc3)C2=O)cc1C(N)=O,5,false,2.9864723841983007,0.1200505793094635,0.4548022598870056,0.4548022598870056
444853644,COc1ccccc1N1CCCC(Nc2ccc(C)c(C(N)=O)c2)C1=O,5,false,2.9173368754446702,0.10993976145982742,0.4194915254237288,0.4194915254237288
543294655,Cc1cc(=O)[nH]cc1C(=O)NC1CCN(c2ccccc2Cl)C1=O,5,false,2.45415781378126,0.09903575479984283,0.384180790960452,0.384180790960452
5620336,Cc1ccc2c(c1)/C(=N\Nc1nnc3c(n1)[nH]c1c(C)cccc13)C(=O)N2,3,true,5.705584263745457,0.40661728382110596,0.8036723163841808,0.8036723163841808
5623246,Cc1ccc2c(c1)/C(=N/Nc1nnc3c(n1)[nH]c1ccc(C)cc13)C(=O)N2,3,true,5.211018344617544,0.4230153560638428,0.8192090395480226,0.8192090395480226
588023896,CCN(C)CC1CCN(C(=O)c2ccccc2Nc2ccccc2)C1,3,false,2.947281882219708,0.10896319150924683,0.4124293785310734,0.4124293785310734
773212998,CC(C)N1CCC(N(C)C(=O)c2ccc(=O)n(Cc3ccccc3Cl)c2)C1,0,false,2.977942440727496,0.04521067067980766,0.09887005649717515,0.09887005649717515
786232788,CN(C)C(=O)C1CCN(C(=O)c2ccccc2Nc2ccccc2)C1,3,false,2.8786752861995355,0.08212218433618546,0.3163841807909605,0.3163841807909605
800658450,COc1cccc(Nc2ccccc2C(=O)N2CCC(NC(C)=O)C2)c1,3,false,2.8236724530442205,0.11110354959964752,0.423728813559322,0.423728813559322
800658988,CC(=O)NC1CCN(C(=O)c2ccccc2Nc2ccccc2)C1,3,false,2.755564455212758,0.11449731141328812,0.4406779661016949,0.4406779661016949
918730255,CNC(=O)CC1(CNC(=O)C2OCCc3ccccc32)CCCCC1,3,false,2.843248039412581,0.11336518079042435,0.4307909604519774,0.4307909604519774
9211771,Cc1ccc(C2CC(=O)Nc3c2c(C)nn3-c2ccc(N3CCOCC3)nn2)cc1C,3,true,5.1431111704252,0.3743436932563782,0.7754237288135594,0.7754237288135594
97315646,CCN(CC(=O)N(C)C)C(=O)c1ccc(=O)n(Cc2ccccc2Cl)c1,0,false,2.670745192395454,0.06330595165491104,0.2076271186440678,0.2076271186440678
CF-10-034,COc1cc2nc(C(=O)O)nc(Nc3ccc(-c4ncccn4)cc3)c2cc1OC,1,false,0.7935955610654086,0.6080169081687927,0.9110169491525424,0.9110169491525424
CF-10-045,COc1cc2nc(N3CCN(C(C)=O)CC3)nc(Nc3ccc(-c4ncccn4)cc3)c2cc1OC,1,true,5.376361287678498,0.7974741458892822,0.9872881355932204,0.9872881355932204
CF-10-050,COc1cc2nc(N3CCC(C(=O)O)CC3)nc(Nc3ccc(-c4ncccn4)cc3)c2cc1OC,1,true,5.5521924334854065,0.7817135453224182,0.9788135593220338,0.9788135593220338
CF-10-051,COc1cc2nc(N(C)CCO)nc(Nc3ccc(-c4ncccn4)cc3)c2cc1OC,1,false,1.4009037918627234,0.7008364200592041,0.9505649717514124,0.9505649717514124
CF-10-061,COc1cc2nc(NCc3ccccc3)nc(Nc3ccc(-c4ncccn4)cc3)c2cc1OC,1,true,5.3564702309489896,0.827170729637146,0.9929378531073446,0.9929378531073446
CF-10-063,COc1cc2nc(NCCO)nc(Nc3ccc(-c4ncccn4)cc3)c2cc1OC,1,true,6.119865879807937,0.7415315508842468,0.9661016949152542,0.9661016949152542
CF-10-065,COc1cc2nc(NCC(=O)O)nc(Nc3ccc(-c4ncccn4)cc3)c2cc1OC,1,false,0.6955934447483199,0.7935928106307983,0.9844632768361582,0.9844632768361582
CF-10-066,CNC(=O)CNc1nc(Nc2ccc(-c3ncccn3)cc2)c2cc(OC)c(OC)cc2n1,1,false,1.0080588111465805,0.8048070073127747,0.9901129943502824,0.9901129943502824
CF-10-071,COc1cc2nc(OCCO)nc(Nc3ccc(-c4ncccn4)cc3)c2cc1OC.O=CO,1,false,0.3479859922314758,0.763744592666626,0.9731638418079096,0.9731638418079096
CF-10-073,COc1cc2nc(OCC(=O)O)nc(Nc3ccc(-c4ncccn4)cc3)c2cc1OC,1,true,5.246886067269574,0.758332371711731,0.9703389830508474,0.9703389830508474
CF-10-074,CNC(=O)COc1nc(Nc2ccc(-c3ncccn3)cc2)c2cc(OC)c(OC)cc2n1,1,false,0.032534178134083484,0.7709091901779175,0.9759887005649718,0.9759887005649718
CF-10-075,CCOCCNC(=O)COc1nc(Nc2ccc(-c3ncccn3)cc2)c2cc(OC)c(OC)cc2n1,1,false,0.37890078855742476,0.7110435366630554,0.9562146892655368,0.9562146892655368
CF-2-09,COc1ccccc1NC1CCN(c2ccccc2Cl)C1=O,5,false,2.7767806837113187,0.04422001540660858,0.08757062146892655,0.08757062146892655
CF-2-102,CN1CCN(C(=O)c2ccc(N[C@H]3CCN(c4ccccc4F)C3=O)cc2)CC1,5,false,-0.4931510078333014,0.16794025897979736,0.5466101694915254,0.5466101694915254
CF-2-103,CN1CCC(CNC(=O)c2ccc(N[C@H]3CCN(c4ccccc4F)C3=O)cc2)CC1,5,false,-0.604841704977382,0.2319541722536087,0.6285310734463276,0.6285310734463276
CF-2-105,O=C(Nc1ccccc1)c1ccc(N[C@H]2CCN(c3ccccc3F)C2=O)cc1,5,false,0.15043813180995477,0.5298756957054138,0.8785310734463276,0.8785310734463276
CF-2-106,CN(C)CCNC(=O)c1ccc(N[C@H]2CCN(c3ccccc3Cl)C2=O)cc1,5,false,-0.4472806361978953,0.1439310908317566,0.5169491525423728,0.5169491525423728
CF-2-108,CC(=O)N1CCN(C(=O)c2ccc(N[C@H]3CCN(c4ccccc4Cl)C3=O)cc2)CC1,5,false,-0.4429961720795169,0.40192195773124695,0.8008474576271186,0.8008474576271186
CF-2-109,CN1CCC(NC(=O)c2ccc(N[C@H]3CCN(c4ccccc4Cl)C3=O)cc2)CC1,5,false,-0.4304356549637877,0.3791111707687378,0.7782485875706214,0.7782485875706214
CF-2-111,NCCCNC(=O)c1ccc(N[C@H]2CCN(c3ccccc3Cl)C2=O)cc1,5,false,2.8364806538058462,0.12695196270942688,0.4745762711864407,0.4745762711864407
CF-2-112,CN(CCCNC(=O)OC(C)(C)C)C(=O)c1ccc(N[C@H]2CCN(c3ccccc3Cl)C2=O)cc1,5,false,0.4915666125393126,0.15487398207187653,0.5324858757062146,0.5324858757062146
CF-2-114,CN1CCN(C(=O)c2ccc(N[C@H]3CCN(c4ccccc4Cl)C3=O)cc2)CC1,5,false,-0.5736485094149807,0.15649929642677307,0.5353107344632768,0.5353107344632768
CF-2-115,CN1CCC(CNC(=O)c2ccc(N[C@H]3CCN(c4ccccc4Cl)C3=O)cc2)CC1,5,false,0.04693972444836963,0.2108750194311142,0.614406779661017,0.614406779661017
CF-2-117,O=C(Nc1ccccc1)c1ccc(N[C@H]2CCN(c3ccccc3Cl)C2=O)cc1,5,false,-0.8128289894242487,0.473499059677124,0.8516949152542372,0.8516949152542372
CF-2-118,CN(C)CCNC(=O)c1cccc(N[C@H]2CCN(c3ccccc3F)C2=O)c1,5,false,2.9142259004652944,0.12198890745639801,0.4562146892655367,0.4562146892655367
CF-2-119,CN(C)CCN(C)C(=O)c1cccc(N[C@H]2CCN(c3ccccc3F)C2=O)c1,5,false,0.4156960224759323,0.12936003506183624,0.481638418079096,0.481638418079096
CF-2-120,CC(=O)N1CCN(C(=O)c2cccc(N[C@H]3CCN(c4ccccc4F)C3=O)c2)CC1,5,false,2.4416289068500148,0.4076370596885681,0.8050847457627118,0.8050847457627118
CF-2-121,CN1CCC(NC(=O)c2cccc(N[C@H]3CCN(c4ccccc4F)C3=O)c2)CC1,5,false,-0.5246513839194187,0.3870406746864319,0.7810734463276836,0.7810734463276836
CF-2-122,CC(C)(C)OC(=O)NCCCNC(=O)c1cccc(N[C@H]2CCN(c3ccccc3F)C2=O)c1,5,false,2.7785217054977482,0.15171462297439575,0.5296610169491526,0.5296610169491526
CF-2-123,NCCCNC(=O)c1cccc(N[C@H]2CCN(c3ccccc3F)C2=O)c1,5,false,2.949706990973341,0.10451462119817734,0.3940677966101695,0.3940677966101695
CF-2-126,CN1CCN(C(=O)c2cccc(N[C@H]3CCN(c4ccccc4F)C3=O)c2)CC1,5,false,-0.13443833130731178,0.16224795579910278,0.5409604519774012,0.5409604519774012
CF-2-127,CN1CCC(CNC(=O)c2cccc(N[C@H]3CCN(c4ccccc4F)C3=O)c2)CC1,5,false,-0.35210328801459784,0.20763996243476868,0.6101694915254238,0.6101694915254238
CF-2-128,O=C(NCc1ccccc1)c1cccc(N[C@H]2CCN(c3ccccc3F)C2=O)c1,5,false,1.7434259932658895,0.48375338315963745,0.8587570621468926,0.8587570621468926
CF-2-130,CN(C)CCNC(=O)c1ccnc(N[C@H]2CCN(c3ccccc3Cl)C2=O)c1,5,false,2.7533878027660745,0.27609947323799133,0.6596045197740112,0.6596045197740112
CF-2-132,CC(=O)N1CCN(C(=O)c2ccnc(N[C@H]3CCN(c4ccccc4Cl)C3=O)c2)CC1,5,false,0.10011850246257825,0.5107737183570862,0.8728813559322034,0.8728813559322034
CF-2-133,CN1CCC(NC(=O)c2ccnc(N[C@H]3CCN(c4ccccc4Cl)C3=O)c2)CC1,5,false,1.8134914007633611,0.6053454279899597,0.9096045197740112,0.9096045197740112
CF-2-134,CC(C)(C)OC(=O)NCCCNC(=O)c1ccnc(N[C@H]2CCN(c3ccccc3Cl)C2=O)c1,5,false,-0.5338569645679782,0.3232506215572357,0.7161016949152542,0.7161016949152542
CF-2-135,NCCCNC(=O)c1ccnc(N[C@H]2CCN(c3ccccc3Cl)C2=O)c1,5,false,2.8834071720673347,0.22868837416172028,0.6242937853107344,0.6242937853107344
CF-2-136,CN(CCCNC(=O)OC(C)(C)C)C(=O)c1ccnc(N[C@H]2CCN(c3ccccc3Cl)C2=O)c1,5,false,-0.05558148200310212,0.35326752066612244,0.7612994350282486,0.7612994350282486
CF-2-137,CN(CCCN)C(=O)c1ccnc(N[C@H]2CCN(c3ccccc3Cl)C2=O)c1,5,false,-0.05993753228093293,0.2837490439414978,0.6680790960451978,0.6680790960451978
CF-2-139,CN1CCC(CNC(=O)c2ccnc(N[C@H]3CCN(c4ccccc4Cl)C3=O)c2)CC1,5,false,2.202012212107503,0.2333783656358719,0.6299435028248588,0.6299435028248588
CF-2-140,O=C(NCc1ccccc1)c1ccnc(N[C@H]2CCN(c3ccccc3Cl)C2=O)c1,5,false,-0.6527516692990689,0.6506833434104919,0.9322033898305084,0.9322033898305084
CF-2-141,O=C(Nc1ccccc1)c1ccnc(N[C@H]2CCN(c3ccccc3Cl)C2=O)c1,5,false,-0.28781812275780067,0.7488448619842529,0.9689265536723164,0.9689265536723164
CF-2-142,CN(C)CCNC(=O)c1ccnc(N[C@H]2CCN(c3ccccc3F)C2=O)c1,5,false,-0.38663195149416096,0.18696635961532593,0.5805084745762712,0.5805084745762712
CF-2-143,CN(C)CCN(C)C(=O)c1ccnc(N[C@H]2CCN(c3ccccc3F)C2=O)c1,5,false,-0.6125481700100146,0.285300612449646,0.6709039548022598,0.6709039548022598
CF-2-145,CN1CCC(NC(=O)c2ccnc(N[C@H]3CCN(c4ccccc4F)C3=O)c2)CC1,5,false,-0.7856982300802697,0.6095162630081177,0.9138418079096046,0.9138418079096046
CF-2-146,CC(C)(C)OC(=O)NCCCNC(=O)c1ccnc(N[C@H]2CCN(c3ccccc3F)C2=O)c1,5,false,-0.1861456673935675,0.33212947845458984,0.7288135593220338,0.7288135593220338
CF-2-147,NCCCNC(=O)c1ccnc(N[C@H]2CCN(c3ccccc3F)C2=O)c1,5,false,2.6084171913066685,0.16892802715301514,0.5494350282485876,0.5494350282485876
CF-2-148,CN(CCCNC(=O)OC(C)(C)C)C(=O)c1ccnc(N[C@H]2CCN(c3ccccc3F)C2=O)c1,5,false,-0.012854764186705026,0.35047927498817444,0.7556497175141242,0.7556497175141242
CF-2-150,CN1CCN(C(=O)c2ccnc(N[C@H]3CCN(c4ccccc4F)C3=O)c2)CC1,5,false,2.3385388523938104,0.43080538511276245,0.827683615819209,0.827683615819209
CF-2-152,O=C(NCc1ccccc1)c1ccnc(N[C@H]2CCN(c3ccccc3F)C2=O)c1,5,false,-0.9661154269529021,0.6164742708206177,0.9166666666666666,0.9166666666666666
CF-2-153,O=C(Nc1ccccc1)c1ccnc(N[C@H]2CCN(c3ccccc3F)C2=O)c1,5,false,-0.4885389016823467,0.5931302905082703,0.905367231638418,0.905367231638418
CF-2-156,CC(=O)N1CCN(C(=O)c2cc(N[C@H]3CCN(c4ccccc4Cl)C3=O)ccc2C)CC1,5,false,0.7883291013192472,0.32995760440826416,0.7245762711864406,0.7245762711864406
CF-2-157,Cc1ccc(N[C@H]2CCN(c3ccccc3Cl)C2=O)cc1C(=O)NC1CCN(C)CC1,5,false,2.717560100472961,0.3602953553199768,0.768361581920904,0.768361581920904
CF-2-160,Cc1ccc(N[C@H]2CCN(c3ccccc3Cl)C2=O)cc1C(=O)N(C)CCCNC(=O)OC(C)(C)C,5,false,2.909394634657932,0.13761919736862183,0.4985875706214689,0.4985875706214689
CF-2-161,Cc1ccc(N[C@H]2CCN(c3ccccc3Cl)C2=O)cc1C(=O)N(C)CCCN.Cl,5,false,-0.6415652984903014,0.14568306505680084,0.519774011299435,0.519774011299435
CF-2-162,Cc1ccc(N[C@H]2CCN(c3ccccc3Cl)C2=O)cc1C(=O)N1CCN(C)CC1,5,false,-0.04531573320478738,0.12270927429199219,0.4590395480225989,0.4590395480225989
CF-2-163,Cc1ccc(N[C@H]2CCN(c3ccccc3Cl)C2=O)cc1C(=O)NCC1CCN(C)CC1,5,false,2.5418534528173042,0.22359031438827515,0.6214689265536724,0.6214689265536724
CF-2-167,Cc1ccc(N[C@H]2CCN(c3ccccc3F)C2=O)cc1C(=O)N(C)CCN(C)C.O=CO,5,false,2.857659851817425,0.15394991636276245,0.5310734463276836,0.5310734463276836
CF-2-168,CC(=O)N1CCN(C(=O)c2cc(N[C@H]3CCN(c4ccccc4F)C3=O)ccc2C)CC1,5,false,1.5756558594904384,0.33093389868736267,0.7274011299435028,0.7274011299435028
CF-2-169,Cc1ccc(N[C@H]2CCN(c3ccccc3F)C2=O)cc1C(=O)NC1CCN(C)CC1,5,false,2.4306240100975187,0.38894882798194885,0.7838983050847458,0.7838983050847458
CF-2-170,Cc1ccc(N[C@H]2CCN(c3ccccc3F)C2=O)cc1C(=O)NCCCNC(=O)OC(C)(C)C,5,false,-0.07811060728170272,0.19310352206230164,0.5932203389830508,0.5932203389830508
CF-2-178,O=C(CCOCCOCCOCCOCCOc1cccc2c1C(=O)N(C1CCC(=O)NC1=O)C2=O)NCCCNC(=O)c1ccc(N[C@H]2CCN(c3ccccc3F)C2=O)cc1,5,false,2.473066459538685,0.1812547743320465,0.5734463276836158,0.5734463276836158
CF-2-181,NC(=O)c1cc(N[C@H]2CCN(c3ccccc3)C2=O)ccc1Cl,5,false,2.505242889483347,0.11169867217540741,0.4265536723163842,0.4265536723163842
CF-2-184,COc1ccc(N2CC[C@H](Nc3ccc(Cl)c(C(N)=O)c3)C2=O)cc1,5,false,0.531769410246588,0.078463114798069,0.2937853107344633,0.2937853107344633
CF-2-192,CCc1ccc(N2CC[C@H](Nc3ccc(Cl)c(C(N)=O)c3)C2=O)cc1,5,true,5.467107978679741,0.15039172768592834,0.5254237288135594,0.5254237288135594
CF-2-194,Cc1ccc(N2CC[C@H](Nc3ccc(Cl)c(C(=O)NCCC(F)(F)F)c3)C2=O)cc1,5,false,-0.5955812803060881,0.12732477486133575,0.4774011299435028,0.4774011299435028
CF-2-195,Cc1ccc(N2CC[C@H](Nc3ccc(Cl)c(C(=O)NCCc4c[nH]c5ccccc45)c3)C2=O)cc1,5,false,-0.8665098892560215,0.6246275305747986,0.9194915254237288,0.9194915254237288
CF-2-197,Cc1ccc(N2CC[C@H](Nc3ccc(Cl)c(C(=O)N4CCN(C)CC4)c3)C2=O)cc1,5,false,-0.811795914286607,0.12988236546516418,0.4844632768361582,0.4844632768361582
CF-2-199,Cc1ccc(N2CC[C@H](Nc3ccc(Cl)c(C(=O)N4CCOCC4)c3)C2=O)cc1,5,false,2.151859157259673,0.27996084094047546,0.6666666666666666,0.6666666666666666
CF-2-200,Cc1ccc(N2CC[C@H](Nc3ccc(Cl)c(C(=O)NC4CCN(C)CC4)c3)C2=O)cc1,5,false,0.6983577589329186,0.3324619233608246,0.730225988700565,0.730225988700565
CF-2-201,CC(=O)N1CCC(NC(=O)c2cc(N[C@H]3CCN(c4ccc(C)cc4)C3=O)ccc2Cl)CC1,5,false,0.1170122021521509,0.41207608580589294,0.809322033898305,0.809322033898305
CF-2-205,Cc1ccc(N2CC[C@H](Nc3ccc(Cl)c(C(=O)NCc4c[nH]cn4)c3)C2=O)cc1,5,true,6.337161471114092,0.7441534399986267,0.9675141242937854,0.9675141242937854
CF-2-206,Cc1ccc(N2CC[C@H](Nc3ccc(Cl)c(C(=O)NCc4cocn4)c3)C2=O)cc1,5,false,2.906614728813024,0.7809492945671082,0.9774011299435028,0.9774011299435028
CF-2-207,Cc1ccc(N2CC[C@H](Nc3ccc(Cl)c(C(=O)NCCNC(=O)OC(C)(C)C)c3)C2=O)cc1,5,false,-0.35560666616068043,0.15926314890384674,0.53954802259887,0.53954802259887
CF-2-209,Cc1ccc(N2CC[C@H](Nc3ccc(Cl)c(C(=O)NCCCNC(=O)OC(C)(C)C)c3)C2=O)cc1,5,false,-0.25476830796710037,0.11332141607999802,0.4293785310734463,0.4293785310734463
CF-2-211,COC(=O)CCNC(=O)c1cc(N[C@H]2CCN(c3ccc(C)cc3)C2=O)ccc1Cl,5,false,-0.07562744075826791,0.13421094417572021,0.4943502824858757,0.4943502824858757
CF-2-212,Cc1ccc(N2CC[C@H](Nc3ccc(Cl)c(C(=O)NCCC(=O)O)c3)C2=O)cc1,5,false,2.720692692548038,0.12315862625837326,0.4604519774011299,0.4604519774011299
CF-2-213,COC(=O)C1CCN(C(=O)c2cc(N[C@H]3CCN(c4ccc(C)cc4)C3=O)ccc2Cl)CC1,5,false,-0.41746191362273094,0.3332177698612213,0.731638418079096,0.731638418079096
CF-2-214,Cc1ccc(N2CC[C@H](Nc3ccc(Cl)c(C(=O)N4CCC(C(=O)O)CC4)c3)C2=O)cc1,5,false,-0.04607244630199226,0.32520410418510437,0.7189265536723164,0.7189265536723164
CF-2-216,Cc1ccc(N2CC[C@H](Nc3ccc(Cl)c(C(=O)N(C)CC(=O)O)c3)C2=O)cc1,5,false,2.313064655083397,0.12405328452587128,0.4632768361581921,0.4632768361581921
CF-2-217-Int-12,NCCCNC(=O)c1ccc(NC2CCN(c3ccccc3F)C2=O)cc1,5,false,-0.1704108866858407,0.12567387521266937,0.4717514124293785,0.4717514124293785
CF-2-218,O=C(NCCCNC(=O)C1CC1)c1ccc(N[C@H]2CCN(c3ccccc3F)C2=O)cc1,5,true,7.538177818464019,0.3824955224990845,0.7796610169491526,0.7796610169491526
CF-2-219,CCNC(=O)NCCCNC(=O)c1ccc(N[C@H]2CCN(c3ccccc3F)C2=O)cc1,5,false,-0.430623419961011,0.21216382086277008,0.617231638418079,0.617231638418079
CF-2-220,O=C(NCCCNC(=O)c1ccc(N[C@H]2CCN(c3ccccc3F)C2=O)cc1)O[C@@H]1CCOC1,5,false,2.5260212439841006,0.4873254597187042,0.8608757062146892,0.8608757062146892
CF-2-221,O=C(NCCCNC(=O)c1ccc(N[C@H]2CCN(c3ccccc3F)C2=O)cc1)O[C@H]1CCOC1,5,false,1.9396212538485034,0.4873254597187042,0.8608757062146892,0.8608757062146892
CF-2-223,Cn1cnc(C(=O)NCCCNC(=O)c2ccc(N[C@H]3CCN(c4ccccc4F)C3=O)cc2)c1,5,false,-0.04332663098807515,0.8465771675109863,0.9943502824858758,0.9943502824858758
CF-2-224,O=C(NCCCNc1ncc(F)cn1)c1ccc(N[C@H]2CCN(c3ccccc3F)C2=O)cc1,5,true,5.369685160007767,0.8693549036979675,0.998587570621469,0.998587570621469
CF-2-229,CC(C)(C)OC(=O)NCCCNC(=O)c1ccc(N[C@H]2CCN(c3ccc(Cl)cc3)C2=O)cc1,5,false,0.23481189755376256,0.18085429072380066,0.5720338983050848,0.5720338983050848
CF-2-230,Cc1ccc(N2CC[C@H](Nc3ccc(C(=O)NCCCNC(=O)OC(C)(C)C)cc3)C2=O)cc1,5,false,1.0020947481588218,0.19655370712280273,0.6002824858757062,0.6002824858757062
CF-2-232,CC(C)(C)OC(=O)NCCCNC(=O)c1ccc(N[C@H]2CCN(c3ccc(Cl)c(Cl)c3)C2=O)cc1,5,false,2.6016640010017387,0.13467605412006378,0.4957627118644068,0.4957627118644068
CF-2-235,CC(C)(C)OC(=O)NCCCNC(=O)c1ccc(N[C@H]2CCN(c3cc(F)ccc3F)C2=O)cc1,5,false,-0.37336133606287975,0.1853722631931305,0.577683615819209,0.577683615819209
CF-2-239,CC(C)(CNC(=O)OC(C)(C)C)CNC(=O)c1ccc(N[C@H]2CCN(c3ccccc3F)C2=O)cc1,5,false,2.2857534577302956,0.15837730467319489,0.538135593220339,0.538135593220339
CF-2-241,CC(C)(C)OC(=O)N1CCC(CNC(=O)c2ccc(N[C@H]3CCN(c4ccccc4F)C3=O)cc2)CC1,5,false,0.16977811910125842,0.2085752934217453,0.6115819209039548,0.6115819209039548
CF-2-243,CC(C)(C)OC(=O)NC1CCN(C(=O)c2ccc(N[C@H]3CCN(c4ccccc4F)C3=O)cc2)CC1,5,false,-0.4605474119508196,0.3546832501888275,0.7627118644067796,0.7627118644067796
CF-2-244,CC(C)(C)OC(=O)N1CC[C@H](CNC(=O)c2ccc(N[C@H]3CCN(c4ccccc4F)C3=O)cc2)C1,5,false,0.7184314865553708,0.1933434009552002,0.596045197740113,0.596045197740113
CF-2-247,COc1cc(N[C@H]2CCN(c3ccccc3F)C2=O)ccc1C(=O)NCCCNC(=O)OC(C)(C)C,5,false,2.976404849396127,0.16449609398841858,0.5451977401129944,0.5451977401129944
CF-2-250,COc1cc(C(=O)NCCCNC(=O)OC(C)(C)C)ccc1N[C@H]1CCN(c2ccccc2F)C1=O,5,false,1.8627209518107168,0.08011506497859955,0.3107344632768362,0.3107344632768362
CF-2-253,Cc1ccc(N2CC[C@H](NS(=O)(=O)N3CCC(C)CC3)C2=O)cc1,5,false,2.7937147762361034,0.08737397938966751,0.3418079096045198,0.3418079096045198
CF-2-255,CC1CCN(S(=O)(=O)N[C@H]2CCN(c3ccccc3Cl)C2=O)CC1,5,false,0.22274923215878079,0.0923691913485527,0.3622881355932203,0.3622881355932203
CF-2-257,CC1CCN(S(=O)(=O)N[C@H]2CCN(c3ccc(C4CC4)cc3)C2=O)CC1,5,false,-0.42520327835248894,0.2758997678756714,0.6581920903954802,0.6581920903954802
CF-2-259,CC1CCN(S(=O)(=O)N[C@H]2CCN(c3ccc(F)cc3F)C2=O)CC1,5,false,2.708970069302816,0.08361370116472244,0.3227401129943503,0.3227401129943503
CF-2-26,O=C(NC1CCN(c2c(F)cccc2F)C1=O)c1ccccc1,5,false,2.538875595834802,0.04578033462166786,0.10310734463276836,0.10310734463276836
CF-2-260,CC1CCN(S(=O)(=O)N[C@H]2CCN(c3ccc(F)c(F)c3)C2=O)CC1,5,false,-0.45400734026457096,0.08361370116472244,0.3227401129943503,0.3227401129943503
CF-2-261,CC1CCN(S(=O)(=O)N[C@H]2CCN(c3cccc(Cl)c3)C2=O)CC1,5,false,0.4007529835909973,0.0923691913485527,0.3622881355932203,0.3622881355932203
CF-2-262,CC(=O)N1CCN(S(=O)(=O)N[C@H]2CCN(c3ccccc3)C2=O)CC1,5,false,2.361890330077742,0.07898400723934174,0.297316384180791,0.297316384180791
CF-2-263,CC(=O)N1CCN(S(=O)(=O)N[C@H]2CCN(c3ccc(C)cc3)C2=O)CC1,5,false,2.4284642347931684,0.07898400723934174,0.297316384180791,0.297316384180791
CF-2-264,CC(=O)N1CCN(S(=O)(=O)N[C@H]2CCN(c3ccc(Cl)cc3)C2=O)CC1,5,false,2.755723914640768,0.0869574025273323,0.3396892655367232,0.3396892655367232
CF-2-267,CC(=O)Nc1ccc(C(NC(=O)Cc2ccccc2Cl)c2ccccc2F)cc1,1,false,1.1201803810880488,0.055260445922613144,0.16242937853107345,0.16242937853107345
CF-2-268,CC(=O)N1CCN(S(=O)(=O)N[C@H]2CCN(c3ccc(F)cc3F)C2=O)CC1,5,false,-0.3125044859143467,0.09325622022151947,0.3672316384180791,0.3672316384180791
CF-2-269,COc1cccc(N2CC[C@H](NS(=O)(=O)N3CCN(C(C)=O)CC3)C2=O)c1,5,false,-0.5966605384094432,0.08994781970977783,0.3531073446327684,0.3531073446327684
CF-2-270,CC(=O)N1CCN(S(=O)(=O)N[C@H]2CCN(c3cccc(Cl)c3)C2=O)CC1,5,false,2.899120917196493,0.0869574025273323,0.3396892655367232,0.3396892655367232
CF-2-271,CC(=O)N1CCN(S(=O)(=O)N[C@H]2CCN(c3ccccc3Cl)C2=O)CC1,5,false,2.748676067918001,0.0819317102432251,0.3149717514124294,0.3149717514124294
CF-2-272,CN1CCN(C(=O)[C@@H]2CC(=O)N(c3ccccc3)C2)CC1,0,false,-0.559302873479378,0.044083788990974426,0.08545197740112995,0.08545197740112995
CF-2-273,CN1CCN(C(=O)[C@H]2CC(=O)N(c3ccccc3)C2)CC1,0,false,0.12619065297624713,0.044083788990974426,0.08545197740112995,0.08545197740112995
CF-2-276,COc1cccc(N2C[C@H](C(=O)N3CCN(C)CC3)CC2=O)c1,0,false,-0.5548041959795535,0.06641323864459991,0.22951977401129944,0.22951977401129944
CF-2-277,COc1cccc(N2C[C@@H](C(=O)N3CCN(C)CC3)CC2=O)c1,0,false,-0.5088877916420822,0.06641323864459991,0.22951977401129944,0.22951977401129944
CF-2-282,CN1CCN(C(=O)[C@@H]2CC(=O)N(c3cccc(Cl)c3)C2)CC1,0,false,0.6861354505189226,0.09142381697893143,0.356638418079096,0.356638418079096
CF-2-283,CN1CCN(C(=O)[C@H]2CC(=O)N(c3cccc(Cl)c3)C2)CC1,0,false,-0.6764156247290205,0.09142381697893143,0.356638418079096,0.356638418079096
CF-2-29,O=C(Cc1ccccc1Cl)NC1CCN(c2c(F)cccc2F)C1=O,5,false,2.9386253227194046,0.07188247889280319,0.2641242937853107,0.2641242937853107
CF-2-30,O=C(CCc1ccccc1)NC1CCN(c2c(F)cccc2F)C1=O,5,false,2.350303731370942,0.07165344059467316,0.2627118644067797,0.2627118644067797
CF-2-32,O=C(COc1ccccc1)NC1CCN(c2c(F)cccc2F)C1=O,5,false,2.757357278731852,0.06371224671602249,0.20903954802259886,0.20903954802259886
CF-2-50,CC(C)(C)OC(=O)NCCCNC(=O)C1CC(=O)N(c2ccccc2)C1,0,false,2.398590955300132,0.31387409567832947,0.7048022598870056,0.7048022598870056
CF-2-54,CN(CCCNC(=O)OC(C)(C)C)C(=O)C1CC(=O)N(c2ccccc2)C1,0,false,2.478905811601777,0.06474056839942932,0.21610169491525424,0.21610169491525424
CF-2-57,O=C(NCc1ccccc1)C1CC(=O)N(c2ccccc2)C1,0,false,2.7397745364835795,0.03448853641748428,0.022598870056497175,0.022598870056497175
CF-2-58,O=C(Nc1ccccc1)C1CC(=O)N(c2ccccc2)C1,0,false,2.8348142975541957,0.035246871411800385,0.02824858757062147,0.02824858757062147
CF-2-60,CN(C)CCNC(=O)C1CC(=O)N(c2ccccc2F)C1.O=CO,0,false,2.9401891113864207,0.2565808892250061,0.6454802259887006,0.6454802259887006
CF-2-61,CC(C)(C)OC(=O)NCCCNC(=O)C1CC(=O)N(c2ccccc2F)C1,0,false,2.338261156273633,0.3415079116821289,0.7415254237288136,0.7415254237288136
CF-2-62,CN1CCC(NC(=O)C2CC(=O)N(c3ccccc3F)C2)CC1.O=CO,0,false,2.6177492978202186,0.07204838842153549,0.2655367231638418,0.2655367231638418
CF-2-63,CN(C)CCN(C)C(=O)C1CC(=O)N(c2ccccc2)C1.O=CO,0,false,2.5304679649542203,0.0652657076716423,0.22033898305084745,0.22033898305084745
CF-2-64,CN(C)CCN(C)C(=O)C1CC(=O)N(c2ccccc2F)C1,0,false,2.7342042242570033,0.04385622963309288,0.08192090395480225,0.08192090395480225
CF-2-65,CN(CCCNC(=O)OC(C)(C)C)C(=O)C1CC(=O)N(c2ccccc2F)C1,0,false,2.9692512743964596,0.06758225709199905,0.2443502824858757,0.2443502824858757
CF-2-68,O=C(NCc1ccccc1)C1CC(=O)N(c2ccccc2F)C1,0,false,2.759657116183326,0.055929046124219894,0.16807909604519775,0.16807909604519775
CF-2-72,CC(C)(C)OC(=O)NCCCNC(=O)C1CC(=O)N(c2ccccc2Cl)C1,0,false,2.4151456421750845,0.39285603165626526,0.788135593220339,0.788135593220339
CF-2-74,CN1CCC(CNC(=O)C2CC(=O)N(c3ccccc3Cl)C2)CC1,0,false,2.9334055225206086,0.052676666527986526,0.14689265536723164,0.14689265536723164
CF-2-75,CN(C)CCN(C)C(=O)C1CC(=O)N(c2ccccc2Cl)C1,0,false,2.9478516774507333,0.03950280696153641,0.059322033898305086,0.059322033898305086
CF-2-76,CN(CCCNC(=O)OC(C)(C)C)C(=O)C1CC(=O)N(c2ccccc2Cl)C1,0,false,2.5529463231652856,0.08924689143896103,0.3516949152542373,0.3516949152542373
CF-2-79,O=C(NCc1ccccc1)C1CC(=O)N(c2ccccc2Cl)C1,0,false,2.8842992509601997,0.04859185963869095,0.12005649717514125,0.12005649717514125
CF-2-80,O=C(Nc1ccccc1)C1CC(=O)N(c2ccccc2Cl)C1,0,false,2.7648528485816786,0.04811275377869606,0.11581920903954802,0.11581920903954802
CF-2-81,O=C(C1CC(=O)N(c2ccccc2Cl)C1)N1CCOCC1,0,false,2.965846417549967,0.055105060338974,0.16101694915254236,0.16101694915254236
CF-2-83,CN(C)CCN(C)C(=O)c1cccc(N[C@H]2CCN(c3ccccc3Cl)C2=O)c1,5,false,2.9068577550015418,0.11663837730884552,0.4463276836158192,0.4463276836158192
CF-2-84,CC(=O)N1CCN(C(=O)c2cccc(N[C@H]3CCN(c4ccccc4Cl)C3=O)c2)CC1,5,false,2.911108513915525,0.392035573720932,0.786723163841808,0.786723163841808
CF-2-95,CN(C)CCN(C)C(=O)c1ccc(N[C@H]2CCN(c3ccccc3F)C2=O)cc1,5,false,2.766279019969409,0.15832825005054474,0.536723163841808,0.536723163841808
CF-2-96,CC(=O)N1CCN(C(=O)c2ccc(N[C@H]3CCN(c4ccccc4F)C3=O)cc2)CC1,5,false,2.767190791244673,0.4176466166973114,0.8163841807909604,0.8163841807909604
CF-3-08,COc1ccc(C)cc1NC(=O)[C@H](N)Cc1ccccc1,2,false,2.9097426269532916,0.05580679699778557,0.16666666666666666,0.16666666666666666
CF-3-101,Cc1ccc(OCc2ccccc2)c(NC(=O)[C@H]2CCCN2)c1,2,false,2.8335901521410607,0.05750543624162674,0.1765536723163842,0.1765536723163842
CF-3-112,Cc1ccc(OC(F)F)c(NC(=O)CCNC(=O)OC(C)(C)C)c1,2,true,5.104329694137918,0.04465063288807869,0.0903954802259887,0.0903954802259887
CF-3-113,Cc1ccc(OC(F)F)c(NC(=O)CCN)c1,2,false,2.788361075574338,0.03599002957344055,0.033192090395480225,0.033192090395480225
CF-3-117,Cc1ccc(Oc2ccccc2)c(NC(=O)CCN)c1,2,false,0.32693787747855707,0.03450258821249008,0.02401129943502825,0.02401129943502825
CF-3-118,Cc1ccc(OCc2ccccc2)c(NC(=O)CCNC(=O)OC(C)(C)C)c1,2,false,2.8460199904852996,0.07991095632314682,0.307909604519774,0.307909604519774
CF-3-12,COc1ccc(C)cc1NC(=O)[C@H](N)Cc1ccc(O)cc1,2,false,2.878280168626377,0.07281436771154404,0.2669491525423729,0.2669491525423729
CF-3-123,COc1ccc(Cl)cc1NC(=O)[C@@H](N)Cc1ccc(O)cc1,2,false,-0.06907327055358141,0.06465128064155579,0.2132768361581921,0.2132768361581921
CF-3-124,COc1ccc(C(F)(F)F)cc1NC(=O)[C@H](Cc1ccc(O)cc1)NC(=O)OC(C)(C)C,2,false,-0.027839650996182224,0.11942512542009354,0.4533898305084746,0.4533898305084746
CF-3-127,COc1ccc(C#N)cc1NC(=O)[C@H](Cc1ccc(O)cc1)NC(=O)OC(C)(C)C,2,false,-0.21907803100448486,0.10475973039865494,0.3983050847457627,0.3983050847457627
CF-3-132,Cc1ccc(OCCN(C)C)c(NC(=O)[C@H](Cc2ccc(O)cc2)NC(=O)OC(C)(C)C)c1,2,false,2.9511098512766383,0.11177670210599899,0.4279661016949153,0.4279661016949153
CF-3-133,Cc1ccc(OCCN(C)C)c(NC(=O)[C@@H](N)Cc2ccc(O)cc2)c1,2,false,0.6684108433210035,0.08656617254018784,0.3375706214689266,0.3375706214689266
CF-3-143,COc1ccc(C)cc1NC(=O)CN1CCC(c2c[nH]c3ccccc23)CC1,2,false,2.7210497383384276,0.08608612418174744,0.3347457627118644,0.3347457627118644
CF-3-146,COc1ccc(C)cc1NC(=O)CN1CCC(C(N)=O)CC1,2,false,-1.0083334766002159,0.037061844021081924,0.043785310734463276,0.043785310734463276
CF-3-148,COc1ccc(C)cc1NC(=O)CN1CCC(N2CCCC2=O)CC1,2,false,2.172860954972499,0.047457385808229446,0.1115819209039548,0.1115819209039548
CF-3-150,COc1ccc(C)cc1NC(=O)CN1CC[C@@H](N(C)C)C1,2,false,-0.1948516504887474,0.0359969288110733,0.036016949152542374,0.036016949152542374
CF-3-151,COc1ccc(C)cc1NC(=O)CN1CC[C@H](N(C)C)C1,2,false,0.13004708878636737,0.0359969288110733,0.036016949152542374,0.036016949152542374
CF-3-154,COc1ccc(C)cc1NC(=O)[C@H]1CCCN1C(=O)c1ccc(O)cc1,2,false,2.8290997733968704,0.049822092056274414,0.13206214689265536,0.13206214689265536
CF-3-159,COc1ccc(C)cc1NC(=O)[C@H]1CCCN1C(=O)CC1CCN(C(=O)OC(C)(C)C)CC1,2,false,2.4700676210501653,0.11007869988679886,0.422316384180791,0.422316384180791
CF-3-16,COc1ccc(C)cc1NC(=O)[C@H](N)Cc1cnc[nH]1,2,false,2.725119088740067,0.045275893062353134,0.10028248587570622,0.10028248587570622
CF-3-161,COc1ccc(C)cc1NC(=O)[C@H]1CCCN1C(=O)OCc1ccccc1,2,false,-0.011165699840404645,0.06145807355642319,0.1963276836158192,0.1963276836158192
CF-3-163,COc1ccc(C)cc1NC(=O)[C@H]1CCCN1C(=O)O[C@@H]1CCOC1,2,false,0.22691096691573723,0.049822092056274414,0.13206214689265536,0.13206214689265536
CF-3-164,COc1ccc(C)cc1NC(=O)[C@H]1CCCN1S(=O)(=O)c1ccccc1,2,false,-0.6403734745279974,0.04859470576047897,0.12146892655367232,0.12146892655367232
CF-3-169,COc1ccc(C)cc1NC(=O)[C@H]1CCCN1C(=O)NCc1ccccc1,2,false,-0.3797709519216108,0.04624726250767708,0.1059322033898305,0.1059322033898305
CF-3-171,CCOC(=O)CNC(=O)N1CCC[C@@H]1C(=O)Nc1cc(C)ccc1OC,2,false,-0.06083911861895087,0.05433373153209686,0.15677966101694915,0.15677966101694915
CF-3-174,COc1ccc(C)cc1NC(=O)CCNC(=O)c1ccc(O)cc1,2,false,2.4576188387314937,0.04258083179593086,0.07627118644067797,0.07627118644067797
CF-3-176,COc1ccc(C)cc1NC(=O)CCNC(=O)Cc1ccccc1,2,false,-0.62419144534062,0.04390479624271393,0.08333333333333333,0.08333333333333333
CF-3-177,COc1ccc(C)cc1NC(=O)CCNC(=O)CCNC(=O)OC(C)(C)C,2,false,-0.6184555297866262,0.0442737378180027,0.08898305084745763,0.08898305084745763
CF-3-179,COc1ccc(C)cc1NC(=O)CCNC(=O)CC1CCN(C(=O)OC(C)(C)C)CC1,2,false,-0.7251290614900187,0.0656219944357872,0.22175141242937854,0.22175141242937854
CF-3-18,COc1ccc(C)cc1NC(=O)CCN,2,false,2.9724028111002783,0.03599002957344055,0.033192090395480225,0.033192090395480225
CF-3-182,COc1ccc(C)cc1NC(=O)CCNC(=O)O[C@@H]1CCOC1,2,false,2.9504539771385008,0.04021304100751877,0.062146892655367235,0.062146892655367235
CF-3-185,COc1ccc(C)cc1NC(=O)CCNS(=O)(=O)Cc1ccccc1,2,false,-1.4235119837797172,0.05361364409327507,0.15254237288135594,0.15254237288135594
CF-3-189,COc1ccc(C)cc1NC(=O)CCNC(=O)NCc1ccccc1,2,false,2.972268091246098,0.05085436999797821,0.14124293785310735,0.14124293785310735
CF-3-190,CCNC(=O)NCCC(=O)Nc1cc(C)ccc1OC,2,false,-1.0959528221079573,0.04661532863974571,0.10734463276836158,0.10734463276836158
CF-3-192,COc1ccc(C)cc1NC(=O)[C@H](Cc1ccc(O)cc1)NC(C)=O,2,false,-0.23517213719498226,0.09202901273965836,0.3601694915254237,0.3601694915254237
CF-3-193,COc1ccc(C)cc1NC(=O)[C@H](Cc1ccc(O)cc1)NC(=O)c1ccccc1,2,false,0.1356369107675473,0.08513627201318741,0.3290960451977401,0.3290960451977401
CF-3-196,COc1ccc(C)cc1NC(=O)[C@H](Cc1ccc(O)cc1)NC(=O)Nc1ccccc1,2,false,2.8157404431947364,0.25964897871017456,0.6483050847457628,0.6483050847457628
CF-3-197,COc1ccc(C)cc1NC(=O)[C@H](Cc1ccc(O)cc1)NC(=O)Cc1ccccc1,2,false,-0.5835590698882218,0.09502164274454117,0.3742937853107345,0.3742937853107345
CF-3-198,COc1ccc(C)cc1NC(=O)[C@H](Cc1ccc(O)cc1)NC(=O)[C@@H]1Cc2ccc(O)cc2CN1,2,false,0.20752029464715185,0.2996198832988739,0.6892655367231638,0.6892655367231638
CF-3-201,C=CCOc1ccc(C[C@H](N)C(=O)Nc2cc(C)ccc2OC)cc1,2,false,2.838979539550091,0.0755380317568779,0.2782485875706215,0.2782485875706215
CF-3-204,COc1cccc(NC(=O)NCCC(=O)Nc2cc(C)ccc2OC)c1,2,false,2.468836243224043,0.07971923053264618,0.3050847457627119,0.3050847457627119
CF-3-207,COc1ccc(C)cc1NC(=O)CCNC(=O)Nc1cccc(Cl)c1,2,true,6.58011852148931,0.07945547997951508,0.3008474576271186,0.3008474576271186
CF-3-210,COc1ccc(C)cc1NC(=O)CCNC(=O)NC1CCN(C(=O)OC(C)(C)C)CC1,2,false,2.6277292442997986,0.06732535362243652,0.2387005649717514,0.2387005649717514
CF-3-211,COc1ccc(C)cc1NC(=O)CCNC(=O)NC1CCNCC1,2,false,1.1736160178032282,0.04872671142220497,0.1228813559322034,0.1228813559322034
CF-3-213,COc1ccc(C)cc1NC(=O)CCNC(=O)NC1CCN(C(C)=O)CC1,2,true,7.162516786842849,0.040603358298540115,0.06497175141242938,0.06497175141242938
CF-3-214,COc1ccc(C)cc1NC(=O)CCCC(=O)Nc1ccccc1,2,true,7.228757050962009,0.06466813385486603,0.21468926553672316,0.21468926553672316
CF-3-215,COc1ccc(NC(=O)CCCC(=O)Nc2cc(C)ccc2OC)cc1,2,false,2.972589249366176,0.10464087873697281,0.3954802259887006,0.3954802259887006
CF-3-219,COc1ccc(CC(=O)NCCC(=O)Nc2cc(C)ccc2OC)cc1,2,false,-0.15335134389556604,0.06052034720778465,0.1906779661016949,0.1906779661016949
CF-3-221,COc1ccc(C)cc1NC(=O)CCNC(=O)Cc1ccccc1F,2,false,-0.7804649185502804,0.04699940234422684,0.10875706214689265,0.10875706214689265
CF-3-222,COc1ccc(C)cc1NC(=O)CCNc1nc2ccccc2[nH]1,2,true,11.241925143476047,0.13020625710487366,0.4887005649717514,0.4887005649717514
CF-3-225,COc1ccc(C(F)(F)F)cc1NC(=O)CCNC(=O)Nc1ccccc1,2,false,0.0645073055363057,0.10247956961393356,0.3898305084745763,0.3898305084745763
CF-3-29,COc1ccc(C)cc1NC(=O)C1CCN(C(=O)OC(C)(C)C)CC1,2,false,2.4596361957657886,0.04105961695313454,0.06779661016949153,0.06779661016949153
CF-3-30,COc1ccc(C)cc1NC(=O)C1CCNCC1,2,false,2.4836842059316604,0.04301953315734863,0.07909604519774012,0.07909604519774012
CF-3-36,COc1ccc(C)cc1NC(=O)CNC(=O)Cc1ccccc1,2,false,2.854285936588499,0.04179730638861656,0.07062146892655367,0.07062146892655367
CF-3-40,COc1ccc(C)cc1NC(=O)CNS(=O)(=O)c1ccccc1,2,false,2.7005406801153033,0.04047904908657074,0.0635593220338983,0.0635593220338983
CF-3-42,COc1ccc(C)cc1NC(=O)Cn1ccnc1,2,false,2.888903904724187,0.18974372744560242,0.5861581920903954,0.5861581920903954
CF-3-52,COc1ccc(F)cc1NC(=O)CN,2,false,2.9621343122030477,0.03296404704451561,0.011299435028248588,0.011299435028248588
CF-3-55,COc1cc(C)ccc1NC(=O)CN,2,false,2.6120556408131947,0.03799044340848923,0.0480225988700565,0.0480225988700565
CF-3-56,COc1cc(Cl)ccc1NC(=O)CN,2,false,2.752763756394871,0.03480233997106552,0.025423728813559324,0.025423728813559324
CF-3-58,Cc1ccc(Oc2ccccc2Cl)c(NC(=O)CN)c1,2,false,2.9923180792715716,0.04209838807582855,0.07203389830508475,0.07203389830508475
CF-3-59,Cc1ccc(OCc2ccccc2)c(NC(=O)CN)c1,2,false,2.996276585040076,0.042809680104255676,0.07768361581920905,0.07768361581920905
CF-3-62,Cc1ccc(OCCNC(=O)OC(C)(C)C)c(NC(=O)CN)c1,2,false,2.5576413197929533,0.036573853343725204,0.04096045197740113,0.04096045197740113
CF-3-65,Cc1ccc(C#Cc2ccc(F)cc2)c(NC(=O)CN)c1,2,false,2.9952936847239844,0.04537487402558327,0.1016949152542373,0.1016949152542373
CF-3-69,Cc1ccc(-c2cn(CC(=O)O)nn2)c(NC(=O)CNC(=O)OC(C)(C)C)c1,2,true,6.5867272079001875,0.0795493945479393,0.3036723163841808,0.3036723163841808
CF-3-83,Cc1ccc(OCc2ccccc2)c(NC(=O)CN2CCC(N(C)C)CC2)c1,2,false,-0.5592717389370591,0.05062181502580643,0.1370056497175141,0.1370056497175141
CF-3-92,COc1cc(F)c(F)cc1NC(=O)[C@H]1CCCN1C(=O)OC(C)(C)C,2,false,-0.5215375243546011,0.050395458936691284,0.13559322033898305,0.13559322033898305
CF-3-97,Cc1ccc(OCCN(C)C)c(NC(=O)[C@H]2CCCN2)c1,2,false,0.20837547516250224,0.04015641659498215,0.06073446327683616,0.06073446327683616
CF-4-03,Fc1cc(Cl)cnc1NCc1ccncc1,3,false,2.8738610960581554,0.04973391816020012,0.12994350282485875,0.12994350282485875
CF-4-103,O=C(NCc1ccccc1)c1cnc(NCCCO)cn1,3,false,-0.7417799304740286,0.15146008133888245,0.5282485875706214,0.5282485875706214
CF-4-104,CC(C)(CO)CNc1cnc(C(=O)NCc2ccccc2)cn1,3,false,2.0435345974705963,0.1400955319404602,0.5042372881355932,0.5042372881355932
CF-4-106,COC(=O)CNc1cnc(C(=O)NCc2ccccc2)cn1,3,false,0.03601565934263077,0.18782229721546173,0.5819209039548022,0.5819209039548022
CF-4-108,C[C@H](Nc1cnc(C(=O)NCc2ccccc2)cn1)C(=O)O,3,false,0.19296201643886632,0.12221840769052505,0.4576271186440678,0.4576271186440678
CF-4-111,O=C(NCc1ccccc1)c1cnc(NCC(F)(F)F)cn1,3,false,0.19758010545698118,0.11405174434185028,0.4364406779661017,0.4364406779661017
CF-4-113,O=C(NCc1ccccc1)c1cnc(NCc2cccnc2)cn1,3,false,-1.138430380902149,0.19972765445709229,0.6045197740112994,0.6045197740112994
CF-4-114,O=C(NCc1ccccc1)c1cnc(NCc2cccc(F)c2)cn1,3,false,-0.16264186785950036,0.5748375058174133,0.8954802259887006,0.8954802259887006
CF-4-121,C[C@H](NC(=O)c1cnc(N[C@@H](C)CO)cn1)c1ccccc1,3,false,-1.0151187756445745,0.12429983168840408,0.4661016949152542,0.4661016949152542
CF-4-126,COc1ccc(CNC(=O)c2cnc(N[C@@H](C)CO)cn2)cc1,3,false,2.726015921946868,0.06826284527778625,0.25,0.25
CF-4-127,COc1cccc(CNC(=O)c2cnc(N[C@@H](C)CO)cn2)c1,3,false,0.07071639193671006,0.09430360794067383,0.3714689265536723,0.3714689265536723
CF-4-128,COc1ccccc1CNC(=O)c1cnc(N[C@@H](C)CO)cn1,3,false,-0.34540161961033755,0.10911224782466888,0.4152542372881356,0.4152542372881356
CF-4-135,C[C@@H](CO)Nc1cnc(C(=O)N[C@@H]2CCc3ccccc32)cn1,3,false,-0.39241739442915585,0.13789083063602448,0.5,0.5
CF-4-136,C[C@@H](CO)Nc1cnc(C(=O)N2Cc3ccccc3C2)cn1,3,false,2.941307403921907,0.11342664062976837,0.432909604519774,0.432909604519774
CF-4-137,C[C@@H](CO)Nc1cnc(C(=O)N2CCc3ccccc3C2)cn1,3,false,1.6533137530702142,0.11342664062976837,0.432909604519774,0.432909604519774
CF-4-149,O=C(NCc1ccccc1)c1cnc(NCc2cocn2)nc1,3,false,2.7870420501029805,0.17129094898700714,0.5536723163841808,0.5536723163841808
CF-4-153,C[C@@H](Nc1ncc(C(=O)NCc2ccccc2)cn1)C(=O)O,3,false,-0.7799121621000342,0.11903951317071915,0.4505649717514124,0.4505649717514124
CF-4-157,O=C(NCc1ccccc1)c1cnc(NCCC(F)(F)F)nc1,3,false,2.9405066762633005,0.19556906819343567,0.5988700564971752,0.5988700564971752
CF-4-159,CN(CC(=O)O)c1ncc(C(=O)NCc2ccccc2)cn1,3,false,-0.31360340312408375,0.1821436733007431,0.5748587570621468,0.5748587570621468
CF-4-161,O=C(NCc1ccc(Cl)cc1)c1cnc(NCc2ccccc2)nc1,3,false,2.7392020310448206,0.6351046562194824,0.9251412429378532,0.9251412429378532
CF-4-163,O=C(NCc1ccccc1Cl)c1cnc(NCc2ccccc2)nc1,3,false,2.971021847035986,0.649989664554596,0.9307909604519774,0.9307909604519774
CF-4-169,CC(=O)N1CCN(C(=O)c2cnc(NCc3ccccc3)nc2)CC1,3,false,2.946527664397342,0.3077423870563507,0.6977401129943502,0.6977401129943502
CF-4-176,C.CC(=O)N1CCN(c2ccc3ccc(NCc4cccnc4)nc3c2)CC1,3,false,-0.5556615857377628,0.5577244758605957,0.8926553672316384,0.8926553672316384
CF-4-182,Cn1cc(-c2ccc3ccc(NCc4cccnc4)nc3c2)cn1.O=CO,3,false,-1.0763147433018747,0.7009596228599548,0.9519774011299436,0.9519774011299436
CF-4-183,c1cncc(CNc2ccc3ccc(-c4cnn(C5CCNCC5)c4)cc3n2)c1,3,false,2.6053183434359437,0.4809146523475647,0.8573446327683616,0.8573446327683616
CF-4-188,C[C@H](Nc1ccc2ccc(Br)cc2n1)c1cccnc1,3,true,5.225881927267199,0.20409809052944183,0.606638418079096,0.606638418079096
CF-4-189,C[C@@H](Nc1ccc2ccc(Br)cc2n1)c1cccnc1,3,false,0.47725744086914534,0.20409809052944183,0.606638418079096,0.606638418079096
CF-4-32,C[C@@H](CO)N(C)c1ncc(C(=O)NCc2ccccc2)cn1,3,false,2.654619366274284,0.10623377561569214,0.4053672316384181,0.4053672316384181
CF-4-33,C[C@@H](CO)N(C)c1ncc(C(=O)N2CCOCC2)cn1,3,false,2.5702262137767273,0.07492635399103165,0.2754237288135593,0.2754237288135593
CF-4-35,C[C@@H](CO)N(C)c1ncc(C(=O)NCC2CCN(C(=O)OC(C)(C)C)CC2)cn1,3,false,2.7795178914967367,0.1772029548883438,0.5663841807909604,0.5663841807909604
CF-4-43,C[C@@H](CO)Nc1cnc(C(=O)N2CCOCC2)cn1,3,false,2.9269037782662766,0.10799495875835419,0.4096045197740113,0.4096045197740113
CF-4-45,C[C@@H](CO)Nc1cnc(C(=O)NCC2CCN(C(=O)OC(C)(C)C)CC2)cn1,3,false,2.670335478446641,0.2311219424009323,0.6271186440677966,0.6271186440677966
CF-4-46,CNC(=O)c1cnc(N(C)[C@@H](C)CO)cn1,3,false,2.460569492163441,0.08515120297670364,0.3305084745762712,0.3305084745762712
CF-4-47,C[C@@H](CO)N(C)c1cnc(C(=O)NCc2ccccc2)cn1,3,false,2.975568942115823,0.1182188093662262,0.4477401129943503,0.4477401129943503
CF-4-48,C[C@@H](CO)N(C)c1cnc(C(=O)N2CCOCC2)cn1,3,false,2.7628212749369983,0.08870250731706619,0.346045197740113,0.346045197740113
CF-4-49,C[C@@H](CO)N(C)c1cnc(C(=O)NCCCNC(=O)OC(C)(C)C)cn1,3,false,2.4914431026070747,0.17204712331295013,0.5550847457627118,0.5550847457627118
CF-4-50,C[C@@H](CO)N(C)c1cnc(C(=O)NCC2CCN(C(=O)OC(C)(C)C)CC2)cn1,3,false,2.6441718863772232,0.20871707797050476,0.6129943502824858,0.6129943502824858
CF-4-54,Fc1cc(Br)cnc1NCc1cccnc1,3,false,2.809477386268815,0.06094487011432648,0.192090395480226,0.192090395480226
CF-4-55,Fc1ccc(CCNc2ncc(Br)cc2F)cc1,3,false,2.953044741296141,0.15144547820091248,0.5268361581920904,0.5268361581920904
CF-4-57,C[C@@H](CO)Nc1ccc2cc(Br)ccc2n1,3,false,2.17317719374673,0.037668000906705856,0.046610169491525424,0.046610169491525424
CF-4-66,C[C@@H](CO)Nc1cnc(NC(=O)C2CC2)cn1,3,false,2.3671976780545814,0.07611113041639328,0.2810734463276836,0.2810734463276836
CF-4-71,C[C@@H](CO)Nc1cnc(NC(=O)Cc2ccccc2)cn1,3,false,2.5559279179873045,0.12709732353687286,0.4759887005649718,0.4759887005649718
CF-4-72,C[C@@H](CO)Nc1cnc(NC(=O)NCc2ccccc2)cn1,3,false,2.6779919409181834,0.13072162866592407,0.4901129943502825,0.4901129943502825
CF-4-76,CCNC(=O)Nc1cnc(N(C)[C@@H](C)CO)cn1,3,false,2.456297949103429,0.10467322915792465,0.3968926553672316,0.3968926553672316
CF-4-91,Fc1cc(Cl)cnc1N[C@@H]1CCNC1,3,true,6.835589555203509,0.05201926827430725,0.1440677966101695,0.1440677966101695
CF-4-93,N[C@@H]1CCN(c2ncc(Cl)cc2F)C1,3,false,2.828099466124183,0.04769791290163994,0.11440677966101695,0.11440677966101695
CF-5-01,O=C(Nc1ccc(Oc2ncccn2)cc1)C1CC1,1,false,2.6956502453505498,0.5513482689857483,0.884180790960452,0.884180790960452
CF-5-04,COC(=O)C(=O)Nc1ccc(Oc2ncccn2)cc1,1,false,2.4963716287666164,0.31651225686073303,0.71045197740113,0.71045197740113
CF-5-05,O=C(O)C(=O)Nc1ccc(Oc2ncccn2)cc1,1,false,2.5371694410062173,0.3270244598388672,0.7217514124293786,0.7217514124293786
CF-5-06,CNC(=O)C(=O)Nc1ccc(Oc2ncccn2)cc1,1,false,2.7182962810617397,0.3186817169189453,0.713276836158192,0.713276836158192
CF-5-11,CC(C)(C)OC(=O)NCCC(=O)Nc1ccc(Oc2ncccn2)cc1,1,false,2.433670315055694,0.44744062423706055,0.8403954802259888,0.8403954802259888
CF-5-111,CC(=O)Nc1ccc(-n2c(Nc3ccccc3)nc3ccccc32)cc1,1,false,2.998264808751934,0.4754420220851898,0.8559322033898306,0.8559322033898306
CF-5-12,CC(C)(C)OC(=O)NCC(=O)Nc1ccc(Oc2ncccn2)cc1,1,false,2.3581813499730906,0.3420751690864563,0.7429378531073446,0.7429378531073446
CF-5-126,COc1cccc(SCC(=O)Nc2ccc(Oc3ncccn3)cc2)c1,1,false,-0.33161206716945363,0.2793021500110626,0.6638418079096046,0.6638418079096046
CF-5-128,O=C(CSc1ccccc1Cl)Nc1ccc(Oc2ncccn2)cc1,1,false,2.309103033284339,0.23429441452026367,0.632768361581921,0.632768361581921
CF-5-130,O=C(CSc1ccc(Cl)cc1)Nc1ccc(Oc2ncccn2)cc1,1,false,0.16958055466212926,0.2790159583091736,0.6624293785310734,0.6624293785310734
CF-5-131,CC(=O)Nc1ccc(SCC(=O)Nc2ccc(Oc3ncccn3)cc2)cc1,1,false,-0.2103700246748931,0.2687641680240631,0.653954802259887,0.653954802259887
CF-5-132,COC(=O)c1ccc(SCC(=O)Nc2ccc(Oc3ncccn3)cc2)cc1,1,true,6.821919991612469,0.30289196968078613,0.692090395480226,0.692090395480226
CF-5-134,CNC(=O)c1ccc(SCC(=O)Nc2ccc(Oc3ncccn3)cc2)cc1,1,false,-0.17229962114619676,0.21149680018424988,0.615819209039548,0.615819209039548
CF-5-136,O=C(CSC1CCNCC1)Nc1ccc(Oc2ncccn2)cc1,1,false,-0.3761484369085029,0.3466795086860657,0.748587570621469,0.748587570621469
CF-5-137,CC(=O)N1CCC(SCC(=O)Nc2ccc(Oc3ncccn3)cc2)CC1,1,false,2.5604596098787056,0.3621942400932312,0.7711864406779662,0.7711864406779662
CF-5-138,O=C(CSC1CCN(Cc2ccccc2)CC1)Nc1ccc(Oc2ncccn2)cc1,1,false,2.449960381665218,0.6789080500602722,0.9463276836158192,0.9463276836158192
CF-5-139,COc1ccccc1OCC(=O)Nc1ccc(Oc2ncccn2)cc1,1,false,-0.8456362286219204,0.3369385302066803,0.7330508474576272,0.7330508474576272
CF-5-14,CC(C)(C)OC(=O)N1CCC(CC(=O)Nc2ccc(Oc3ncccn3)cc2)CC1,1,false,2.612346968994667,0.3087390959262848,0.6991525423728814,0.6991525423728814
CF-5-140,COc1cccc(OCC(=O)Nc2ccc(Oc3ncccn3)cc2)c1,1,false,2.9000714903760305,0.35473334789276123,0.7641242937853108,0.7641242937853108
CF-5-142,O=C(COc1ccccc1Cl)Nc1ccc(Oc2ncccn2)cc1,1,true,5.077815326391519,0.2838484048843384,0.6694915254237288,0.6694915254237288
CF-5-146,O=C(COC1CCNCC1)Nc1ccc(Oc2ncccn2)cc1,1,false,-0.23859623484479087,0.2895740568637848,0.673728813559322,0.673728813559322
CF-5-147,CC(=O)N1CCC(OCC(=O)Nc2ccc(Oc3ncccn3)cc2)CC1,1,false,0.02074781064393092,0.34697794914245605,0.75,0.75
CF-5-15,O=C(O)CCC(=O)Nc1ccc(Oc2ncccn2)cc1,1,false,2.815896261404543,0.40017738938331604,0.7966101694915254,0.7966101694915254
CF-5-164,CC(=O)Nc1ccc(N(Cc2ccc(C(=O)O)cc2)c2ncccn2)cc1,1,false,2.807844703027676,0.3116322159767151,0.7019774011299436,0.7019774011299436
CF-5-173,CCNC(=O)Nc1ccc(N(Cc2ccccc2)c2ncnc3ccccc23)cc1,1,true,6.973375946463146,0.4043547511100769,0.8022598870056498,0.8022598870056498
CF-5-174,CC(=O)Nc1ccc(N(Cc2ccccc2)c2ncc3ccccc3n2)cc1,1,true,7.6372474466103695,0.36504554748535156,0.7740112994350282,0.7740112994350282
CF-5-175,O=C(Nc1ccc(N(Cc2ccccc2)c2ncc3ccccc3n2)cc1)C1CC1,1,true,7.3885035398105865,0.5518873333930969,0.8870056497175142,0.8870056497175142
CF-5-176,O=C(Nc1ccc(N(Cc2ccccc2)c2ncc3ccccc3n2)cc1)NC1CC1,1,true,7.499301276290025,0.7296578288078308,0.963276836158192,0.963276836158192
CF-5-177,CCNC(=O)Nc1ccc(N(Cc2ccccc2)c2ncc3ccccc3n2)cc1,1,true,6.630158094933292,0.43481341004371643,0.8290960451977402,0.8290960451977402
CF-5-178,CC(=O)Nc1ccc(N(Cc2ccccc2)c2cc(Cl)ncn2)cc1,1,false,1.3946575855661032,0.30593180656433105,0.6963276836158192,0.6963276836158192
CF-5-18,CNC(=O)COCC(=O)Nc1ccc(Oc2ncccn2)cc1,1,false,2.564504590854398,0.2915133535861969,0.6807909604519774,0.6807909604519774
CF-5-186,CC(=O)Nc1ccc(N(Cc2ccccc2)c2ncc(F)cn2)cc1,1,true,7.918549580718494,0.3238498270511627,0.7175141242937854,0.7175141242937854
CF-5-19,O=C(CN1CCOCC1)Nc1ccc(Oc2ncccn2)cc1,1,false,2.6996926427327432,0.39940693974494934,0.7951977401129944,0.7951977401129944
CF-5-190,O=C(Nc1ccc(N(Cc2ccccc2)c2ncccn2)cc1)C1CC1,1,true,7.163285688353628,0.4723507761955261,0.8488700564971752,0.8488700564971752
CF-5-191,O=C(CSc1ccccc1)Nc1ccc(N(Cc2ccccc2)c2ncccn2)cc1,1,false,0.09950267397977858,0.5141716599464417,0.8742937853107344,0.8742937853107344
CF-5-192,CC(=O)Nc1ccc(N(CC2CCN(C(=O)OC(C)(C)C)CC2)c2ncccn2)cc1,1,true,8.00457444309985,0.38860276341438293,0.7824858757062146,0.7824858757062146
CF-5-196,CC(C)(C)OC(=O)N1CCC(CN(c2ccc(NC(=O)C3CC3)cc2)c2ncccn2)CC1,1,false,2.873119927735649,0.8504073619842529,0.9971751412429378,0.9971751412429378
CF-5-200,CCNC(=O)Nc1ccc(N(CC2CCN(C(=O)OC(C)(C)C)CC2)c2ncccn2)cc1,1,false,-0.1778725687619721,0.45374253392219543,0.844632768361582,0.844632768361582
CF-5-201,CCNC(=O)Nc1ccc(N(CC2CCNCC2)c2ncccn2)cc1,1,false,-0.2580255817717337,0.41051194071769714,0.807909604519774,0.807909604519774
CF-5-203,Cc1ccc(N2CC[C@H](Nc3ccc(Cl)c(C(=O)NCc4ccc(O)cc4)c3)C2=O)cc1,5,false,-0.4242659380284146,0.3488638997077942,0.7528248587570622,0.7528248587570622
CF-5-204,CCNC(=O)Nc1ccc(Nc2ncnc3ccccc23)cc1,1,false,2.9098424485398473,0.6019537448883057,0.9074858757062146,0.9074858757062146
CF-5-205,O=C(Nc1ccc(Nc2ncnc3ccccc23)cc1)NC1CC1,1,false,2.8332474390793023,0.7264183759689331,0.961864406779661,0.961864406779661
CF-5-206,CC(C)(C)OC(=O)NCCCNC(=O)Nc1ccc(Nc2ncnc3ccccc23)cc1,1,true,11.98431413280717,0.5514881014823914,0.885593220338983,0.885593220338983
CF-5-207,NCCCNC(=O)Nc1ccc(Nc2ncnc3ccccc23)cc1,1,false,2.417186739840173,0.3978791832923889,0.7937853107344632,0.7937853107344632
CF-5-210,CC(C)(C)OC(=O)NCCC(=O)Nc1ccc(Nc2ncnc3ccccc23)cc1.O=C(O)C(F)(F)F,1,false,1.4546364538054941,0.6530404686927795,0.9350282485875706,0.9350282485875706
CF-5-211,NCCC(=O)Nc1ccc(Nc2ncnc3ccccc23)cc1,1,false,2.9068015624269927,0.32608431577682495,0.7203389830508474,0.7203389830508474
CF-5-214,CC(=O)N1CCC(C(=O)Nc2ccc(Nc3ncnc4ccccc34)cc2)CC1,1,false,2.7351495806351505,0.6387758851051331,0.9279661016949152,0.9279661016949152
CF-5-215,CN1CCC(C(=O)Nc2ccc(Nc3ncnc4ccccc34)cc2)CC1,1,true,7.182682976397272,0.5026627779006958,0.8686440677966102,0.8686440677966102
CF-5-216,CC(C)(C)OC(=O)N1CCC(CC(=O)Nc2ccc(Nc3ncnc4ccccc34)cc2)CC1,1,true,5.362503749097533,0.7635712027549744,0.9717514124293786,0.9717514124293786
CF-5-217,O=C(CC1CCNCC1)Nc1ccc(Nc2ncnc3ccccc23)cc1,1,false,2.4411548045138125,0.7874228954315186,0.980225988700565,0.980225988700565
CF-5-222,CCNC(=O)Nc1ccc(C(O)c2ccccc2F)cc1,1,false,1.8330024841431718,0.066592276096344,0.23163841807909605,0.23163841807909605
CF-5-223,OC(c1ccc(Nc2ncnc3ccccc23)cc1)c1ccccc1F,1,false,-0.6030628243932971,0.410431444644928,0.806497175141243,0.806497175141243
CF-5-224,OC(c1ccc(Nc2nc3c(Cl)cccc3[nH]2)cc1)c1ccccc1F,1,true,7.845176953228508,0.4574991762638092,0.846045197740113,0.846045197740113
CF-5-235,CC(=O)Nc1ccc(C(O)c2cc(F)ccc2F)cc1,1,false,2.718405397447942,0.06751473993062973,0.2422316384180791,0.2422316384180791
CF-5-236,O=C(Nc1ccc(C(O)c2cc(F)ccc2F)cc1)C1CC1,1,false,0.17166919358151103,0.19454875588417053,0.597457627118644,0.597457627118644
CF-5-237,CCNC(=O)Nc1ccc(C(O)c2cc(F)ccc2F)cc1,1,false,0.7716725386747714,0.07640046626329422,0.2838983050847458,0.2838983050847458
CF-5-239,O=C(Nc1ccc(C(O)c2cccc(F)c2F)cc1)C1CC1,1,false,2.4758067597032145,0.17899516224861145,0.5692090395480226,0.5692090395480226
CF-5-240,CCNC(=O)Nc1ccc(C(O)c2cccc(F)c2F)cc1,1,true,5.413254266415069,0.0751815140247345,0.2768361581920904,0.2768361581920904
CF-5-250,CC(=O)Nc1ccc(C(O)c2ccc(Cl)cc2F)cc1,1,false,0.23992859991881985,0.07066971808671951,0.2584745762711864,0.2584745762711864
CF-5-251,O=C(Nc1ccc(C(O)c2ccc(Cl)cc2F)cc1)C1CC1,1,false,-0.6027105764814391,0.1924232393503189,0.5896892655367232,0.5896892655367232
CF-5-252,CCNC(=O)Nc1ccc(C(O)c2ccc(Cl)cc2F)cc1,1,false,2.5758946653080566,0.07421035319566727,0.2740112994350282,0.2740112994350282
CF-5-254,O=C(Nc1ccc(C(O)c2cc(Cl)ccc2F)cc1)C1CC1,1,false,2.4594657515176195,0.1924232393503189,0.5896892655367232,0.5896892655367232
CF-5-256,CC(=O)Nc1ccc(C(C)(O)c2ccccc2F)cc1,1,false,2.980659415587885,0.06751473993062973,0.2422316384180791,0.2422316384180791
CF-5-258,CC(=O)Nc1ccc(C(O)(Cc2ccccc2)c2ccccc2F)cc1,1,true,5.7852668730545735,0.07589200139045715,0.2796610169491525,0.2796610169491525
CF-5-260,CC(=O)Nc1ccc(C(NC(C)=O)c2ccccc2F)cc1,1,false,1.3390847079104184,0.07352939248085022,0.269774011299435,0.269774011299435
CF-5-265,CC(=O)N1CCN(S(=O)(=O)N[C@H]2CCN(c3ccc(Cl)c(Cl)c3)C2=O)CC1,5,true,8.121460828139206,0.16299913823604584,0.5423728813559322,0.5423728813559322
CF-5-266,COc1ccc(CC(=O)NC(c2ccc(NC(C)=O)cc2)c2ccccc2F)cc1,1,true,5.476800237771764,0.06498656421899796,0.2175141242937853,0.2175141242937853
CF-5-27,O=C(NCCCCl)Nc1ccc(Oc2ncccn2)cc1,1,false,2.8586649972913634,0.34306564927101135,0.7457627118644068,0.7457627118644068
CF-5-283,CC(C)(C)OC(=O)NCCC(=O)NC(c1ccc(NC(=O)C2CC2)cc1)c1ccccc1F,1,false,-0.2560432271284593,0.313949316740036,0.7062146892655368,0.7062146892655368
CF-5-284,NCCC(=O)NC(c1ccc(NC(=O)C2CC2)cc1)c1ccccc1F,1,false,2.8734304805542776,0.3930273652076721,0.78954802259887,0.78954802259887
CF-5-285,O=C(O)c1cc(Nc2ccc(Oc3ncccn3)cc2)ncn1,1,false,2.63749889816459,0.2743268311023712,0.6567796610169492,0.6567796610169492
CF-5-288,CN1CCN(C(=O)c2cc(Nc3ccc(Oc4ncccn4)cc3)ncn2)CC1,1,false,-0.14052390565130057,0.293215811252594,0.6836158192090396,0.6836158192090396
CF-5-289,CN1CCC(CNC(=O)c2cc(Nc3ccc(Oc4ncccn4)cc3)ncn2)CC1,1,false,2.6616286968716816,0.22908654808998108,0.6257062146892656,0.6257062146892656
CF-5-29,O=C(NCCCN1CCOCC1)Nc1ccc(Oc2ncccn2)cc1,1,true,5.791370155158363,0.31837236881256104,0.711864406779661,0.711864406779661
CF-5-290,CC(=O)N1CCN(C(=O)c2cc(Nc3ccc(Oc4ncccn4)cc3)ncn2)CC1,1,false,-0.847255224425077,0.4396807849407196,0.8361581920903954,0.8361581920903954
CF-5-293,O=C(NCc1ccccc1)c1cnc(Nc2ccc(Oc3ncccn3)cc2)nc1,1,true,12.408775985617627,0.36265528202056885,0.7725988700564972,0.7725988700564972
CF-5-30,COC(=O)CCNC(=O)Nc1ccc(Oc2ncccn2)cc1,1,false,2.828356643780853,0.33948907256126404,0.7387005649717514,0.7387005649717514
CF-5-300,O=C(O)c1ccc2nc(Nc3ccc(Oc4ncccn4)cc3)[nH]c2c1,1,false,-0.2800806739597437,0.7061863541603088,0.9548022598870056,0.9548022598870056
CF-5-303,CC(C)(C)OC(=O)NCCCNC(=O)c1ccc2nc(Nc3ccc(Oc4ncccn4)cc3)[nH]c2c1,1,false,-0.5708478144880517,0.6663907170295715,0.9378531073446328,0.9378531073446328
CF-5-305,CCNC(=O)Nc1ccc(Nc2ncnc3ccccc23)cc1,1,false,0.8810527837537799,0.6019537448883057,0.9074858757062146,0.9074858757062146
CF-5-306,CCOC(=O)Nc1ccc(N(Cc2ccccc2)c2ncc3ccccc3n2)cc1,1,true,5.01428987531358,0.5644755363464355,0.8940677966101694,0.8940677966101694
CF-5-307,c1cnc(Oc2ccc(Nc3nc4ccccc4[nH]3)cc2)nc1,1,false,2.069953256938839,0.6723474264144897,0.942090395480226,0.942090395480226
CF-5-308,Cn1c(Nc2ccc(Oc3ncccn3)cc2)nc2ccccc21,1,false,2.9422874830903387,0.5018067359924316,0.867231638418079,0.867231638418079
CF-5-31,O=C(O)CCNC(=O)Nc1ccc(Oc2ncccn2)cc1,1,false,2.6299746387111838,0.4018091857433319,0.7994350282485876,0.7994350282485876
CF-5-311,COCCn1c(Nc2ccc(Oc3ncccn3)cc2)nc2ccccc21,1,false,0.5026162729036037,0.4750624895095825,0.8545197740112994,0.8545197740112994
CF-5-312,CC(C)(C)OC(=O)NCCCn1c(Nc2ccc(Oc3ncccn3)cc2)nc2ccccc21,1,false,1.857787425909757,0.692464292049408,0.9491525423728814,0.9491525423728814
CF-5-320,Oc1ccc(-c2nnc(Nc3ccc(Oc4ncccn4)cc3)o2)cc1,1,false,0.5131518175030784,0.39341866970062256,0.7909604519774012,0.7909604519774012
CF-5-321,c1cnc(Oc2ccc(Nc3nnc(C4CC4)o3)cc2)nc1,1,false,-0.3386337601190225,0.4654892086982727,0.847457627118644,0.847457627118644
CF-5-36,CS(=O)(=O)Nc1ccc(Oc2ncccn2)cc1,1,false,2.5815857099665656,0.31342580914497375,0.7033898305084746,0.7033898305084746
CF-5-38,COCCS(=O)(=O)Nc1ccc(Oc2ncccn2)cc1,1,false,2.6077425412615995,0.16954860091209412,0.5508474576271186,0.5508474576271186
CF-5-39,Cc1nc2cc(Oc3ncccn3)ccc2[nH]1,1,false,2.9724276301755053,0.31395626068115234,0.7076271186440678,0.7076271186440678
CF-5-40,CC(C)c1nc2cc(Oc3ncccn3)ccc2[nH]1,1,false,2.9126689870689795,0.25891605019569397,0.6468926553672316,0.6468926553672316
CF-5-56,CC(C)c1nnc(Nc2ccc(Oc3ncccn3)cc2)o1,1,false,2.7152978275945525,0.17207321524620056,0.556497175141243,0.556497175141243
CF-5-58,CC(=O)Nc1ccc(Oc2ccccc2)cc1,1,false,2.943697830470536,0.06631683558225632,0.2274011299435028,0.2274011299435028
CF-5-59,CC(=O)Nc1ccc(Oc2ccccc2F)cc1,1,false,2.905725661587438,0.06582999229431152,0.22387005649717515,0.22387005649717515
CF-5-60,CC(=O)Nc1ccc(Oc2cccc(F)c2)cc1,1,false,2.748867585501016,0.06690829992294312,0.23516949152542374,0.23516949152542374
CF-5-61,CC(=O)Nc1ccc(Oc2ccc(F)cc2)cc1,1,false,2.662665160010436,0.06582999229431152,0.22387005649717515,0.22387005649717515
CF-5-62,CC(=O)Nc1ccc(Oc2ccccc2Cl)cc1,1,false,2.953351581423844,0.05725562572479248,0.17231638418079095,0.17231638418079095
CF-5-63,CC(=O)Nc1ccc(Oc2cccc(Cl)c2)cc1,1,false,2.516489956593488,0.07672294229269028,0.2867231638418079,0.2867231638418079
CF-5-65,CC(=O)Nc1ccc(Oc2cc(F)ccc2F)cc1,1,false,2.9697354922670387,0.06690829992294312,0.23516949152542374,0.23516949152542374
CF-5-74,CC(=O)Nc1ccc(Nc2ncncc2C#N)cc1,1,false,2.688472276093166,0.4289272725582123,0.8248587570621468,0.8248587570621468
CF-5-75,CC(=O)Nc1ccc(Oc2nccc(C)n2)cc1,1,false,2.8222185070563275,0.27936115860939026,0.6652542372881356,0.6652542372881356
CF-5-76,COc1ccnc(Oc2ccc(NC(C)=O)cc2)n1,1,false,2.9468179048772467,0.23581618070602417,0.6370056497175142,0.6370056497175142
CF-5-77,CC(=O)Nc1ccc(Oc2nccc(C#N)n2)cc1,1,false,2.72427662830249,0.27853327989578247,0.6610169491525424,0.6610169491525424
CF-5-78,CC(=O)Nc1ccc(Oc2ncncc2F)cc1,1,false,2.7631317444538808,0.6372305154800415,0.9265536723163842,0.9265536723163842
CF-5-81,CC(=O)Nc1ccc(Nc2ncccn2)cc1,1,false,2.9776223403184137,0.36202913522720337,0.769774011299435,0.769774011299435
CF-5-84,CC(=O)Nc1ccc(N(CCc2ccccc2)c2ncccn2)cc1,1,false,2.90558551230909,0.29090648889541626,0.6779661016949152,0.6779661016949152
CF-6-106,NC(=O)c1cccc(C(=O)N2CCC(C(=O)O)c3ccccc32)c1,0,true,6.856497478081488,0.06112129986286163,0.19350282485875706,0.19350282485875706
CF-6-108,COc1cc(OC)cc(C(=O)N2CCC(C(=O)O)c3ccccc32)c1,0,false,2.8534209981878447,0.05387135595083237,0.153954802259887,0.153954802259887
CF-6-110,NC(=O)c1cc(F)cc(C(=O)N2CCC(C(=O)O)c3ccccc32)c1,0,true,7.098209089995969,0.06269379705190659,0.2033898305084746,0.2033898305084746
CF-6-111,O=C(O)C1CN(C(=O)c2ccccc2)Cc2ccccc21,0,false,2.6002811595889557,0.030499109998345375,0.00423728813559322,0.00423728813559322
CF-6-112,NC(=O)c1cccc(C(=O)N2Cc3ccccc3C(C(=O)O)C2)c1,0,false,2.5447039027125555,0.05923458933830261,0.18361581920903955,0.18361581920903955
CF-6-113,NC(=O)c1cccc(C(=O)N2Cc3ccccc3C(C(=O)O)C2)c1,0,false,2.966119707485253,0.05923458933830261,0.18361581920903955,0.18361581920903955
CF-6-114,NC(=O)c1ccc(C(=O)N2Cc3ccccc3C(C(=O)O)C2)cc1,0,false,2.4909300270786257,0.05923458933830261,0.18361581920903955,0.18361581920903955
CF-6-116,NC(=O)c1cc(F)cc(C(=O)N2Cc3ccccc3C(C(=O)O)C2)c1,0,false,-0.4491075501275909,0.0611862950026989,0.19491525423728814,0.19491525423728814
CF-6-121,CC(=O)N1CCC[C@H](C(=O)N2CC(C(=O)O)c3ccccc32)C1,0,false,1.2733169917769411,0.06385273486375809,0.21045197740112995,0.21045197740112995
CF-6-122,O=C(O)C1CN(C(=O)[C@H]2COc3ccccc3O2)c2ccccc21,0,false,2.992630007916929,0.16395016014575958,0.5437853107344632,0.5437853107344632
CF-6-124,N#Cc1ccc(C(=O)N2CCC(C(=O)O)c3ccccc32)cc1,0,true,7.631018789340685,0.04237356409430504,0.07415254237288135,0.07415254237288135
CF-6-128,N#Cc1cc(F)cc(C(=O)N2CCC(C(=O)O)c3ccccc32)c1,0,false,2.3718850036345382,0.058586373925209045,0.17937853107344634,0.17937853107344634
CF-6-129,N#Cc1cccc(C(=O)N2Cc3ccccc3C(C(=O)O)C2)c1,0,false,2.648358859325894,0.044863440096378326,0.0925141242937853,0.0925141242937853
CF-6-130,N#Cc1ccc(C(=O)N2Cc3ccccc3C(C(=O)O)C2)cc1,0,false,1.9450123665191132,0.044863440096378326,0.0925141242937853,0.0925141242937853
CF-6-19,COc1ccc(C(=O)N2CC(C(=O)O)c3ccccc32)cc1,0,false,2.8740355334691223,0.031916625797748566,0.009887005649717515,0.009887005649717515
CF-6-24,O=C(O)C1CN(C(=O)c2cccc(O)c2)c2ccccc21,0,false,2.953191564433353,0.03416064754128456,0.018361581920903956,0.018361581920903956
CF-6-26,Cc1ccccc1C(=O)N1CC(C(=O)O)c2ccccc21,0,false,2.911248264845367,0.02987101301550865,0.0014124293785310734,0.0014124293785310734
CF-6-33,CC(=O)N1CCN(C(=O)c2cccc(C(=O)N3CC(C(=O)O)c4ccccc43)c2)CC1,0,false,2.497751861612382,0.18608158826828003,0.5790960451977402,0.5790960451977402
CF-6-34,CC(=O)NCCNC(=O)c1cccc(C(=O)N2CC(C(=O)O)c3ccccc32)c1,0,false,2.966159494693724,0.102674201130867,0.3912429378531073,0.3912429378531073
CF-6-38,CC(=O)NCCOc1ccc(C(=O)N2CC(C(=O)O)c3ccccc32)cc1,0,false,2.9431200523897676,0.093976229429245,0.3700564971751412,0.3700564971751412
CF-6-39,N#Cc1ccccc1C(=O)N1CC(C(=O)O)c2ccccc21,0,true,6.9450870377045915,0.036472246050834656,0.03954802259887006,0.03954802259887006
CF-6-40,N#Cc1cc(C(=O)N2CC(C(=O)O)c3ccccc32)ccc1F,0,false,2.549017204889042,0.04237356409430504,0.07415254237288135,0.07415254237288135
CF-6-42,NC(=O)c1ccc(F)c(C(=O)N2CC(C(=O)O)c3ccccc32)c1,0,false,2.94800752635654,0.05077556148171425,0.13983050847457626,0.13983050847457626
CF-6-44,COc1cc(OC)cc(C(=O)N2CC(C(=O)O)c3ccccc32)c1,0,false,2.9439382166426387,0.049669068306684494,0.1271186440677966,0.1271186440677966
CF-6-45,COC(=O)c1cc(OC)cc(C(=O)N2CC(C(=O)O)c3ccccc32)c1,0,false,-0.45123167128773367,0.11926813423633575,0.4519774011299435,0.4519774011299435
CF-6-46,COc1cc(Br)cc(C(=O)N2CC(C(=O)O)c3ccccc32)c1,0,false,2.971189846631191,0.047255661338567734,0.11016949152542373,0.11016949152542373
CF-6-47,O=C(O)C1CN(C(=O)c2cc(O)ccc2F)c2ccccc21,0,false,2.941940945925588,0.034150246530771255,0.01694915254237288,0.01694915254237288
CF-6-48,O=C(O)C1CN(C(=O)c2cc(F)ccc2F)c2ccccc21,0,false,2.8644993108028634,0.030277792364358902,0.002824858757062147,0.002824858757062147
CF-6-49,N#Cc1ccc(F)c(C(=O)N2CC(C(=O)O)c3ccccc32)c1,0,false,2.8497092244202147,0.03712019696831703,0.04519774011299435,0.04519774011299435
CF-6-56,COc1cc(C(=O)N2CC(C(=O)O)c3ccccc32)cc(OC)c1OC,0,false,2.50465496662969,0.058689653873443604,0.1807909604519774,0.1807909604519774
CF-6-57,O=C(O)C1CN(C(=O)c2cc(F)c(F)c(F)c2)c2ccccc21,0,false,2.7714875939172847,0.038603052496910095,0.05084745762711865,0.05084745762711865
CF-6-58,Cc1cncc(C(=O)N2CC(C(=O)O)c3ccccc32)c1,0,false,2.4999093384117446,0.0885421559214592,0.3446327683615819,0.3446327683615819
CF-6-62,O=C(O)C1CN(C(=O)Cc2ccccc2)c2ccccc21,0,false,2.8630829487226954,0.031189151108264923,0.007062146892655367,0.007062146892655367
CF-6-64,O=C(O)C1CN(C(=O)COc2ccccc2)c2ccccc21,0,false,2.682388563623317,0.03413229063153267,0.015536723163841809,0.015536723163841809
CF-6-70,O=C(O)C1CN(C(=O)NCc2ccccc2)c2ccccc21,0,false,2.7780887308237747,0.03438973426818848,0.0211864406779661,0.0211864406779661
CF-6-71,O=C(O)C1CN(C(=O)Nc2ccccc2)c2ccccc21,0,false,2.801475735722711,0.039256006479263306,0.05367231638418079,0.05367231638418079
CF-6-73,O=C(O)C1CN(C(=O)CN2CCOCC2)c2ccccc21,0,false,2.29201285669743,0.03384105861186981,0.014124293785310734,0.014124293785310734
CF-6-75,O=C(O)C1CN(C(=O)Cn2ccnc2)c2ccccc21,0,true,6.4100890663761145,0.07683828473091125,0.288135593220339,0.288135593220339
CF-6-82,O=C(O)C1CN(S(=O)(=O)N2CCOCC2)c2ccccc21,0,false,2.575137546010099,0.05768822878599167,0.17796610169491525,0.17796610169491525
CF-6-83,CNC(=O)C1CN(C(=O)c2cccc(C#N)c2)c2ccccc21,0,false,2.92420208753801,0.03910478204488754,0.052259887005649715,0.052259887005649715
CF-6-86,CS(=O)(=O)NC(=O)C1CN(C(=O)c2cccc(C#N)c2)c2ccccc21,0,false,2.787769336198242,0.061709001660346985,0.19915254237288135,0.19915254237288135
CF-6-96,CS(=O)(=O)NC(=O)C1CN(C(=O)c2cccc(C(N)=O)c2)c2ccccc21,0,false,2.6091726770253367,0.06672032922506332,0.2330508474576271,0.2330508474576271
CF-7-27,N#Cc1c(Cl)cccc1Oc1ccccc1Cl,3,false,2.7588796016615635,0.06912319362163544,0.2528248587570621,0.2528248587570621
CF-7-28,COc1cc(OC)nc(Nc2cccc(Cl)c2C#N)n1,3,false,2.191999594522985,0.11432863026857376,0.4378531073446328,0.4378531073446328
CF-7-31,NC(=O)c1c(Cl)cccc1Oc1ccccc1,3,false,2.9712074239054704,0.03830812871456146,0.04943502824858757,0.04943502824858757
CF-7-35,NC(=O)c1c(Cl)cccc1Sc1nccc(OCc2ccccc2)n1,3,false,2.286230077699271,0.414725661277771,0.8135593220338984,0.8135593220338984
CF-8-03,CN(C)CCCC(=O)Nc1cc2c(Nc3ccc(F)c(Cl)c3)ncnc2cc1OC1CCN(C(=O)CCOCCOCCOCCOCCOc2cccc3c2C(=O)N(C2CCC(=O)NC2=O)C3=O)CC1,1,false,2.2560562025695385,0.791437566280365,0.9823446327683616,0.9823446327683616
CF-8-06,CN(C)CCCC(=O)Nc1cc2c(Nc3ccc(F)c(Cl)c3)ncnc2cc1OCc1cn(CCOCCOCCOCCOCCOc2cccc3c2C(=O)N(C2CCC(=O)NC2=O)C3=O)nn1.O=C(O)C(F)(F)F,1,false,-0.5341875949945004,0.8004869222640991,0.9887005649717514,0.9887005649717514
CF-8-12,COc1cc2ncnc(Nc3ccc(-c4cn(CCOCCOCCOCCOCCOc5cccc6c5C(=O)N(C5CCC(=O)NC5=O)C6=O)nn4)c(Cl)c3)c2cc1NC(=O)CCCN(C)C,1,false,-0.3848420540685103,0.791437566280365,0.9823446327683616,0.9823446327683616
CF-8-165,COc1cc2ncnc(Nc3ccc(Cl)c(S(=O)(=O)N(C)C)c3)c2cc1N,1,true,5.097384319890072,0.25545960664749146,0.6426553672316384,0.6426553672316384
CF-8-166,CCN(C(C)C)S(=O)(=O)c1cc(Nc2ncnc3cc(OC)c(N)cc23)ccc1Cl,1,false,-0.21484193861196269,0.12779152393341064,0.4788135593220339,0.4788135593220339
CF-8-168,COc1cc2ncnc(Nc3ccc(Cl)c(S(=O)(=O)N4CCOCC4)c3)c2cc1N,1,true,5.073593643519822,0.6177737712860107,0.9180790960451978,0.9180790960451978
CF-8-169,COc1cc2ncnc(Nc3ccc(Cl)c(S(=O)(=O)N(C)CCO)c3)c2cc1N,1,true,5.464225053720733,0.22851641476154327,0.6228813559322034,0.6228813559322034
CF-8-225,C#Cc1ccc(Oc2cc3ncnc(Nc4ccc(-c5ncccn5)cc4)c3cc2N)cc1,1,false,0.639822979229112,0.7193204164505005,0.9590395480225988,0.9590395480225988
CF-8-239,CN(C)CCn1c(=O)[nH]c2cc3c(Nc4ccc(-c5ncccn5)cc4)ncnc3cc21,1,true,5.081074999675185,0.9055478572845459,1.0,1.0
CF-8-245,Cn1c(N)nc2cc3c(Nc4ccc(-c5ncccn5)cc4)ncnc3cc21,1,false,-0.2704092695681311,0.7411623597145081,0.9646892655367232,0.9646892655367232
CF-8-253,CCNc1nc2cc3c(Nc4ccc(-c5ncccn5)cc4)ncnc3cc2n1C,1,false,-0.22179043008238705,0.8158679008483887,0.9915254237288136,0.9915254237288136
CF-8-44,COc1cc2ncnc(Nc3ccc(-c4ncco4)cc3)c2cc1N,1,true,5.2896587817430945,0.355109840631485,0.7655367231638418,0.7655367231638418
CF-8-48,COc1cc2ncnc(Nc3ccc(-c4cnco4)cc3)c2cc1N,1,false,0.3381761893493894,0.3900982141494751,0.7853107344632768,0.7853107344632768
CF-8-54,COc1cc2ncnc(Nc3ccc(-c4ncccn4)cc3)c2cc1N,1,true,5.0780779201333175,0.44254791736602783,0.8389830508474576,0.8389830508474576
CF-8-58,COc1cc2ncnc(Nc3ccc(OC(F)F)cc3)c2cc1N,1,false,-0.25076886437196,0.2989339530467987,0.6878531073446328,0.6878531073446328
CF-8-60,COc1cc2ncnc(Nc3ccc(NC(C)=O)cc3)c2cc1N,1,false,0.22757084226328583,0.337311714887619,0.7344632768361582,0.7344632768361582
CF-9-06,O=C1Cc2cc(-c3ccnc(N4CCOCC4)n3)ccc2N1,3,false,2.233220832415585,0.10662419348955154,0.4081920903954802,0.4081920903954802
CF-9-09,O=C1Cc2cc(-c3cc(N4CCOCC4)ncn3)ccc2N1,3,true,9.43923501407188,0.10965386033058167,0.4180790960451977,0.4180790960451977
CF-9-13,O=C(Nc1ccc(-c2ncc(F)c(N3CCOCC3)n2)cc1)C1CC1,3,true,8.596880715090343,0.5520719885826111,0.8891242937853108,0.8891242937853108
CF-9-15,Cc1cnc(-c2ccc(NC(=O)C3CC3)cc2)nc1N1CCOCC1,3,true,5.523303240561287,0.5393507480621338,0.8813559322033898,0.8813559322033898
CF-9-17,CCOC(=O)c1cnc(-c2ccc(NC(=O)C3CC3)cc2)nc1N1CCOCC1,3,false,2.338031225495755,0.6667255759239197,0.9399717514124294,0.9399717514124294
CF-9-19,CC(C)(C)OC(=O)NCCCNC(=O)c1cnc(-c2ccc(NC(=O)C3CC3)cc2)nc1N1CCOCC1,3,true,5.1950684529651,0.4017651081085205,0.7980225988700564,0.7980225988700564
CF-9-21,O=C(Nc1ccc(-c2nc(N3CCOCC3)ncc2F)cc1)C1CC1,3,true,10.339254835688077,0.5520719885826111,0.8891242937853108,0.8891242937853108
CF-9-22,O=C(Nc1ccc(-c2nc(N3CCOCC3)ncc2Cl)cc1)C1CC1,3,true,8.177500696781479,0.5896944999694824,0.903954802259887,0.903954802259887
CF-9-24,CN(C)C(=O)c1cnc(N2CCOCC2)nc1-c1ccc(NC(=O)C2CC2)cc1,3,false,2.4838782610294654,0.6528509259223938,0.9336158192090396,0.9336158192090396
CF-9-25,CCOC(=O)c1cnc(N2CCOCC2)nc1-c1ccc(NC(=O)C2CC2)cc1,3,true,8.78607555370952,0.6667255759239197,0.9399717514124294,0.9399717514124294
CF-9-26,O=C(O)c1cnc(N2CCOCC2)nc1-c1ccc(NC(=O)C2CC2)cc1,3,true,5.1761331578602645,0.6333119869232178,0.923728813559322,0.923728813559322
CF-9-34,COC(=O)c1ccc(Nc2ccnc(N3CCOCC3)n2)cc1,3,false,2.1245693831480406,0.19307051599025726,0.5918079096045198,0.5918079096045198
CSC000482201,O=C(c1sc2ccccc2c1Cl)N1CCOCC1,4,false,-0.9226565382896734,0.07845961302518845,0.2923728813559322,0.2923728813559322
CSC000487489,O=C(c1cc2ccccc2[nH]1)N1CCOCC1,4,false,-0.9257577437732065,0.0619669072329998,0.20056497175141244,0.20056497175141244
CSC000584532,O=C(c1cc2ccccc2o1)N1CCOCC1,4,false,-0.5010798582369091,0.06205624341964722,0.2019774011299435,0.2019774011299435
CSC000599708,O=C(c1cc2cc(F)ccc2s1)N1CCCC1,4,false,-0.040897868537187625,0.05653073638677597,0.1694915254237288,0.1694915254237288
CSC000613162,Cc1c(C(=O)N2CCOCC2)sc2ccccc12,4,false,0.34261058156485125,0.06898371875286102,0.2514124293785311,0.2514124293785311
CSC000723025,Cl.O=C(c1cc2ccccc2s1)N1CCNCC1,4,false,2.938712790953942,0.05307381600141525,0.1483050847457627,0.1483050847457627
CSC000758952,NCc1ccc(-c2ccncc2)cc1,3,false,2.3076521084742403,0.043497487902641296,0.08050847457627118,0.08050847457627118
CSC026025540,CC(C)(C)NC(=O)CN1CCCN(C(=O)c2cc3ccccc3s2)CC1,4,false,2.8652869481049508,0.06997445225715637,0.2570621468926554,0.2570621468926554
CSC026257373,N#Cc1ccc(N2CCN(C(=O)c3cc4ccccc4s3)CC2)nc1,4,true,6.26396255867704,0.5779229998588562,0.8968926553672316,0.8968926553672316
CSC026271276,O=C(NCCCCN1CCOCC1)c1cc2ccccc2s1,4,false,2.4772690461866267,0.11612798273563385,0.4449152542372881,0.4449152542372881
CSC026283272,O=C(c1cc2ccccc2s1)N1CCC(N2CCNC2=O)CC1,4,false,2.6765862338501187,0.1397203803062439,0.501412429378531,0.501412429378531
CSC026287815,O=C(c1cc2ccccc2s1)N1CCC(CN2CCOCC2)CC1,4,false,-0.49386553111225306,0.19170595705509186,0.5875706214689266,0.5875706214689266
CSC026321400,O=C(c1cc2c(s1)-c1ccccc1CC2)N1CCOCC1,4,false,2.9911379892357552,0.15575338900089264,0.5338983050847458,0.5338983050847458
CSC026321816,O=C(c1ccc(-c2nc3ccccc3s2)s1)N1CCOCC1,4,false,2.1612055489917137,0.6788497567176819,0.9449152542372882,0.9449152542372882
CSC026321858,O=C(c1sc2cc(Cl)ccc2c1Cl)N1CCOCC1,4,false,2.7939612800690092,0.11435693502426147,0.4392655367231638,0.4392655367231638
CSC026379739,CC(NC(=O)NCC(O)C1CC1)c1ccc(-c2ccncc2)cc1,2,false,-0.2515555392102535,0.1445361226797104,0.518361581920904,0.518361581920904
CSC026405011,CCOC(=O)C1=C(C)N(C)C(=O)NC1c1ccc(-c2cccs2)cc1F,3,false,-0.7141869157010392,0.14342033863067627,0.5127118644067796,0.5127118644067796
CSC026662386,O=C(NCC(c1cccs1)N1CCOCC1)c1cc2ccccc2s1,4,false,-0.6826414960875136,0.26345688104629517,0.652542372881356,0.652542372881356
CSC026686581,O=C(c1ccco1)N1CCN(C(=O)c2cc3ccccc3s2)CC1,4,false,2.6706832732685495,0.14383123815059662,0.5141242937853108,0.5141242937853108
CSC026692485,O=C(c1cc2c(F)cccc2s1)N1CCOC2CCCC21,4,false,2.772424149133697,0.17311140894889832,0.5607344632768362,0.5607344632768362
CSC026693315,Cc1c(C(=O)N2CCOCC2)sc2cccc(F)c12,4,false,-0.2134955030296754,0.08427862077951431,0.327683615819209,0.327683615819209
CSC026803846,O=C(NCCCN1CCOCC1)c1cc2ccccc2s1,4,false,-0.5506283574459083,0.09430860728025436,0.3728813559322034,0.3728813559322034
CSC026806135,O=C(c1cc2ccccc2s1)N1CCC(OCCCO)CC1,4,false,-0.31364994234098564,0.054828450083732605,0.1596045197740113,0.1596045197740113
CSC026807203,Cc1noc(C2COCCN2Cc2ccc(-c3ccncc3)cc2F)n1,3,false,2.9709103825967698,0.29077333211898804,0.6765536723163842,0.6765536723163842
CSC026820179,O=C(c1cc2ccccc2s1)N1CCN(CC2CCCO2)CC1,4,false,2.9352090198702405,0.1461707204580307,0.5211864406779662,0.5211864406779662
CSC026862760,Cc1c(C(=O)N2CCOC(C)C2)sc2ccccc12,4,false,2.8611889844888676,0.04972946643829346,0.1285310734463277,0.1285310734463277
CSC026866345,CC1CN(C(=O)c2cc3c(F)cccc3s2)CCO1,4,false,2.660051047295305,0.0630391538143158,0.2062146892655367,0.2062146892655367
CSC026866568,CC1CN(C(=O)c2cc3ccccc3s2)CCO1,4,false,2.973411947954917,0.06768340617418289,0.2457627118644068,0.2457627118644068
CSC026868280,O=C(CN1CCN(C(=O)c2cc3ccccc3s2)CC1)N1CCCC1,4,false,2.670068733792218,0.13508816063404083,0.4971751412429379,0.4971751412429379
CSC026898121,O=C(c1cc2ccccc2s1)N1CCN(Cc2cccc(Cl)c2)CC1,4,false,2.975267243472915,0.16873835027217865,0.5480225988700564,0.5480225988700564
CSC026903583,Cn1cnnc1C1CCN(C(=O)c2cc3ccccc3s2)CC1,4,false,-0.4869980362248089,0.4960232377052307,0.864406779661017,0.864406779661017
CSC026907877,Cc1ccccc1CN1CCN(C(=O)c2cc3ccccc3s2)CC1,4,false,2.7475215320782174,0.1749417781829834,0.5635593220338984,0.5635593220338984
CSC026922611,O=C(c1cc2ccccc2s1)N1CCN(C2CC2)CC1,4,false,-0.9610701930159476,0.11611368507146835,0.4435028248587571,0.4435028248587571
CSC026966465,O=C(c1cc2ccccc2s1)N1CCCN(c2nccs2)CC1,4,false,0.38871717791333554,0.4368344843387604,0.8305084745762712,0.8305084745762712
CSC027030125,O=C(c1cc2ccccc2s1)N1CCN(C2CCS(=O)(=O)C2)CC1,4,false,2.7477514871599427,0.086201511323452,0.3361581920903955,0.3361581920903955
CSC027099832,CNC(=O)C(C)CN(C)Cc1ccc(-c2ccncc2)cc1F,3,false,-0.9957061460019165,0.036760009825229645,0.0423728813559322,0.0423728813559322
CSC027131237,CC(=O)N(C)c1cccc(NCc2ccc(-c3ccncc3)cc2F)c1,3,false,-1.0598028881582653,0.3506528437137604,0.7570621468926554,0.7570621468926554
CSC027151389,O=C(c1cc2ccccc2s1)N1CCC2(CC1)OCCO2,4,false,2.9583736135152074,0.1320306956768036,0.4915254237288136,0.4915254237288136
CSC027181936,CCc1nnc2n1CCN(C(=O)c1cc3ccccc3s1)C2,4,false,2.799120261913655,0.4150600731372833,0.8149717514124294,0.8149717514124294
CSC027185584,Cc1nnc2n1CCN(C(=O)c1ccc(-c3cccs3)cc1F)C2,3,false,1.1679892398644287,0.0799318477511406,0.3093220338983051,0.3093220338983051
CSC027185733,Cc1nnc2n1CCN(C(=O)c1cc3ccccc3s1)C2,4,false,2.3329442036050847,0.41441047191619873,0.8121468926553672,0.8121468926553672
CSC027190844,O=C(c1ccc(-c2cccs2)cc1F)N1CCN(CCO)CC1,3,false,2.3479206643474115,0.030685052275657654,0.005649717514124294,0.005649717514124294
CSC027222896,O=C(c1cc2ccccc2s1)N1CCN(C2CCCC2O)CC1,4,false,0.3902478280274429,0.14294594526290894,0.5098870056497176,0.5098870056497176
CSC027282453,CC(NCC#N)c1ccc(-c2ccncc2)cc1,2,false,2.5418063493530396,0.09325897693634033,0.3686440677966102,0.3686440677966102
CSC027341828,O=C(c1sc2cccc(F)c2c1COc1ccccc1)N1CCOCC1,4,false,0.26960309406137617,0.18943233788013458,0.5847457627118644,0.5847457627118644
CSC027355654,CCN(C)C(=O)NC(C)c1ccc(-c2ccncc2)cc1,2,false,2.898616486085749,0.0615675263106823,0.1977401129943503,0.1977401129943503
CSC027395181,CC1(C(=O)O)CCN(C(=O)c2cc3ccccc3s2)C1,4,false,2.6083085388825795,0.05420173704624176,0.1553672316384181,0.1553672316384181
CSC027398667,O=C1CC(NCc2ccc(-c3ccncc3)cc2F)CN1CCN1CCOCC1,3,false,2.9357913170315224,0.12836302816867828,0.480225988700565,0.480225988700565
CSC027465278,Cc1nc(C2CN(C(=O)c3cc4ccccc4s3)CCO2)no1,4,false,1.7986115725046552,0.5876773595809937,0.902542372881356,0.902542372881356
CSC027482139,CN(Cc1cnn(C)c1)C(=O)c1ccc(-c2cccs2)cc1F,3,false,2.856959280994482,0.17982138693332672,0.5706214689265536,0.5706214689265536
CSC027531052,O=C(c1cc2ccccc2s1)N1CCOCC2(CCOCC2)C1,4,false,2.8804725021487525,0.19655640423297882,0.6016949152542372,0.6016949152542372
CSC027541174,O=C(c1cc2ccccc2s1)N1CCN(S(=O)(=O)c2nnc[nH]2)CC1,4,false,-0.3293106967430251,0.1738337278366089,0.5621468926553672,0.5621468926553672
CSC027567290,Cc1ccc2sc(C(=O)N3CCOCC3c3nnc(C(C)C)o3)cc2c1,4,false,2.931300358985278,0.4396618902683258,0.8347457627118644,0.8347457627118644
CSC027575170,CC(NC(=O)NCCc1ccnn1C)c1ccc(-c2ccncc2)cc1,2,false,2.4982967677583687,0.20499089360237122,0.6087570621468926,0.6087570621468926
CSC027612047,CC(NC(=O)CSc1nccn1C)c1ccc(-c2ccncc2)cc1,2,false,2.6801563894714984,0.13420113921165466,0.4929378531073446,0.4929378531073446
CSC027615804,CC(C)NC(=O)NC(C)c1ccc(-c2ccncc2)cc1,2,false,-0.6318471506926885,0.07092659920454025,0.2612994350282486,0.2612994350282486
CSC027618409,Cn1cc(N2CCN(C(=O)c3cc4ccccc4s3)CC2)cn1,4,false,2.70950515624251,0.5808371305465698,0.8997175141242938,0.8997175141242938
CSC027618420,CC(NC(=O)C1CCN(c2cnccn2)CC1)c1ccc(-c2ccncc2)cc1,2,false,2.3049765505525537,0.5561661720275879,0.8912429378531074,0.8912429378531074
CSC027619059,CC(NC(=O)N(CCO)C1CC1)c1ccc(-c2ccncc2)cc1,2,false,2.6232116116925526,0.14189331233501434,0.5070621468926554,0.5070621468926554
CSC027619078,CC(NC(=O)NCC(C)(C)O)c1ccc(-c2ccncc2)cc1,2,false,2.4071010799467434,0.050393689423799515,0.134180790960452,0.134180790960452
CSC027659709,Cc1c(C(=O)N2CCOC(C(=O)O)C2)sc2ccc(F)cc12,4,false,-0.16569557094966333,0.04897815361618996,0.12570621468926554,0.12570621468926554
CSC027661285,Cc1c(C(=O)N2CCOCC2C(=O)O)sc2ccccc12,4,false,2.6151452454150186,0.07866661995649338,0.2951977401129944,0.2951977401129944
CSC027661759,O=C(O)C1COCCN1C(=O)c1cc2ccccc2s1,4,false,2.6567434015617573,0.0672232061624527,0.23728813559322035,0.23728813559322035
CSC027663852,Cc1c(C(=O)N2CCOC(CC(=O)O)C2)sc2ccccc12,4,false,0.814207842780483,0.05065963789820671,0.1384180790960452,0.1384180790960452
CSC027665728,Cc1ccc2sc(C(=O)N3CCOCC3c3cccn3C)cc2c1,4,false,2.826296235846108,0.23399415612220764,0.6313559322033898,0.6313559322033898
CSC027674059,O=C(c1cc2ccccc2s1)N1CCC(Nc2nccs2)CC1,4,false,2.617078178686587,0.5397648215293884,0.882768361581921,0.882768361581921
CSC027732631,COCc1c(C(=O)N2CC(C)OCC2C)sc2ccccc12,4,false,2.65729557405355,0.04811438173055649,0.1172316384180791,0.1172316384180791
CSC027751277,CC(=O)NCC1CCN(C(=O)c2cc3ccccc3s2)CC1,4,false,-1.0464964561176364,0.06946062296628952,0.2556497175141243,0.2556497175141243
CSC027753125,O=C(c1cc2c(s1)-c1ccccc1OC2)N1CCOCC1,4,false,2.677289742377295,0.17266684770584106,0.557909604519774,0.557909604519774
CSC027785401,Cn1cc(C2(C)CN(C(=O)c3cc4ccccc4s3)CCO2)cn1,4,false,-0.4397653369543304,0.6304576396942139,0.922316384180791,0.922316384180791
CSC027824530,Cc1c(C(=O)N2CCOCC2)sc2ccc(F)cc12,4,false,2.24109309704601,0.06790459156036377,0.24717514124293785,0.24717514124293785
CSC027828492,O=C(c1cc2ccccc2s1)N1CCCCC1c1ncon1,4,false,2.7215145724396534,0.5033589005470276,0.8700564971751412,0.8700564971751412
CSC027898502,CC(=O)Nc1ccc(-c2csc(N3CCOCC3)n2)cc1,3,true,6.0926379122995815,0.050998564809560776,0.1426553672316384,0.1426553672316384
CSC028124968,CC(NC(=O)C(C)(C)C#N)c1ccc(-c2ccncc2)cc1,2,false,2.4215252370191496,0.07723326236009598,0.2909604519774011,0.2909604519774011
CSC030045833,NS(=O)(=O)C1CCN(C(=O)c2cc3ccccc3s2)C1,4,false,2.6631607811079334,0.08398439735174179,0.326271186440678,0.326271186440678
CSC038749625,O=C(NCC1(CO)CCC1)C1OCCc2ccccc21,3,false,2.5958748041874413,0.08559170365333557,0.3319209039548023,0.3319209039548023
CSC056747531,NC1(CNC(=O)C2OCCc3ccccc32)CCCCC1,3,false,2.908673642168593,0.07073598355054855,0.2598870056497175,0.2598870056497175
CSC057765040,CC(C)[C@H](N)C(=O)NC1CCN(c2ccccc2Cl)C1=O,5,false,2.339773872135576,0.03932451084256172,0.05649717514124294,0.05649717514124294
CSC058763792,O=C(N[C@H]1C[C@@H](O)C1)C1CC(=O)N(c2ccccc2Cl)C1,0,false,2.3454754239012,0.04144684970378876,0.0692090395480226,0.0692090395480226
CSC058941942,Cc1nnc(C2COCCN2C(=O)c2cc3ccccc3s2)o1,4,false,2.6632179030718977,0.5788445472717285,0.8983050847457628,0.8983050847457628
CSC067257834,O=C(Nc1cccnc1O)C1CC(=O)N(c2ccccc2Cl)C1,0,false,2.8650384442034236,0.2627779245376587,0.6511299435028248,0.6511299435028248
CSC081490344,O=C(NCC1(CCO)CCCC1)C1OCCc2ccccc21,3,false,2.778822486056589,0.08376612514257431,0.3248587570621469,0.3248587570621469
CSC083125584,Cc1cc(N2CCC(Nc3ccc(C)c(C(N)=O)c3)C2=O)n(C)n1,5,false,2.4916838056070274,0.21575362980365753,0.6186440677966102,0.6186440677966102
CSC087610857,COCCOCC1CCN(C(=O)c2ccccc2Nc2ccccc2)C1,3,false,2.817971436546427,0.11515913903713226,0.442090395480226,0.442090395480226
CSC090602280,O=C(c1occc1CN1C(=O)Cc2ccccc21)N1CCOC(CO)C1,3,false,2.601205120252943,0.17298650741577148,0.559322033898305,0.559322033898305
CSC092748935,COc1ccc(C(=O)Nc2ccccc2C(=O)N2CCC(C(N)=O)C2)cc1,3,false,2.8918054430954547,0.09853114187717438,0.3813559322033898,0.3813559322033898
CSC093223546,CC1(CNC(=O)NCC2OCCc3ccccc32)CCOCC1,3,false,2.410980232516666,0.05734451487660408,0.17372881355932204,0.17372881355932204
CSC096731571,CS(=O)(=O)CC1(CNC(=O)C2OCCc3ccccc32)CC1,3,false,2.55512761421433,0.10200634598731995,0.3870056497175141,0.3870056497175141
CSC096821497,COCCOC1CCN(C(=O)c2ccccc2Nc2ccc(C)cc2)C1,3,false,2.845689130557006,0.12538747489452362,0.4703389830508475,0.4703389830508475
CSC097045727,Cc1cc(C(=O)NC2CCCN(c3ccccc3Cl)C2=O)ncc1C(N)=O,5,false,2.789870084182605,0.3377866744995117,0.7358757062146892,0.7358757062146892
CSC102892928,CCS(=O)(=O)N1CCN(C(=O)c2cc3ccccc3s2)CC1,4,false,2.540184531647001,0.06513822078704834,0.2189265536723164,0.2189265536723164
CSC103954470,COC1CCN(C(=O)c2cc3ccccc3s2)CC1,4,false,2.533163269896877,0.05526678264141083,0.1638418079096045,0.1638418079096045
CSC104774340,Cc1cnccc1-c1ccc(CN2CCS(=O)(=O)CC2)cc1,3,false,2.9584769729038682,0.04834320768713951,0.11864406779661017,0.11864406779661017
CSC106192597,CN1CCC(N(C)C(=O)c2ccc(=O)n(Cc3ccccc3Cl)c2)CC1,0,false,2.8242928102257663,0.05243965610861778,0.14548022598870056,0.14548022598870056
CSC106542153,O=C(NCc1ccc(-c2cccs2)cc1)N1CC(O)CC1C1CCCOC1,3,false,2.345856432401305,0.09288231283426285,0.3644067796610169,0.3644067796610169
CSC133034860,CC1CN(C(=O)c2cc3ccccc3s2)CC(C)O1,4,false,2.6856949925037528,0.05989759787917137,0.18926553672316385,0.18926553672316385
CSC133055435,CNC(=O)C1CN(C(=O)c2cc3cc(C)ccc3s2)CCO1,4,false,1.4060246854352574,0.05319498851895332,0.1497175141242938,0.1497175141242938
CSC133078445,CN(C)C(=O)c1ccc(-c2cccs2)cc1F,3,false,-1.0713975072446582,0.036122165620326996,0.038135593220338986,0.038135593220338986
CSC133150101,O=C(c1cc2ccccc2s1)N1C[C@@]2(CO)C[C@@]2(CO)C1,4,false,2.821952697238313,0.08031469583511353,0.3121468926553672,0.3121468926553672
CSC138464531,Cc1nnc(C2CN(C(=O)c3sc4ccccc4c3C)CCO2)o1,4,false,-0.45694788491053906,0.35034799575805664,0.7542372881355932,0.7542372881355932
CSC138552571,CC(NCCC(=O)O)c1ccc(-c2ccncc2)cc1,2,false,2.701020487796611,0.19315992295742035,0.594632768361582,0.594632768361582
CSSS00026264922,Cc1ccc(N2CC(C(=O)N3CCCN(C)CC3)CC2=O)cc1,0,false,-0.6209193295266227,0.05926519259810448,0.1864406779661017,0.1864406779661017
CSSS00026569111,CC(C)CC(=O)Nc1ccc(-c2csc(-c3ccccn3)n2)cc1,3,false,-0.3313896487195598,0.25974366068840027,0.6497175141242938,0.6497175141242938
CSSS00027094962,CC(C)CC(=O)Nc1ccc(-c2csc(CC(=O)N3CCOCC3)n2)cc1,3,false,1.9665700152239372,0.587532639503479,0.9011299435028248,0.9011299435028248
CSSS00027380692,NC(=O)c1cc(NC2CCN(c3ccccc3F)C2=O)ccc1Cl,5,false,1.855048435566541,0.14807046949863434,0.5225988700564972,0.5225988700564972
CSSS00027403153,O=C1C(Nc2ccc3oc(=O)[nH]c3c2)CCN1c1ccccc1Cl,5,false,-0.24095924198252394,0.2932777404785156,0.6850282485875706,0.6850282485875706
CSSS00027692262,O=C(O)C1CN(C(=O)c2cc(Cl)ccc2F)c2ccccc21,0,false,-0.11414489940812889,0.03342041000723839,0.012711864406779662,0.012711864406779662
CSSS00027692525,O=C(O)C1CN(C(=O)c2cc(Br)ccc2F)c2ccccc21,0,false,2.2242896516709885,0.040646471083164215,0.06638418079096045,0.06638418079096045
CSSS00027837091,O=C(NCC1CNCC1O)c1cccc2c1OCO2,3,false,2.6228546235054573,0.12994974851608276,0.4872881355932203,0.4872881355932203
CSSS00027837527,Cc1cc(C(=O)NCC2CNCC2O)c2[nH]ncc2c1,3,false,-0.4122629213876221,0.18800339102745056,0.5833333333333334,0.5833333333333334
CSSS00066938183,OC(=NC[C@@H]1CCCO[C@H]1c1cn[nH]c1)c1cccc2c1CCC2,3,false,-0.9459590408853303,0.6466149091720581,0.9293785310734464,0.9293785310734464
CSSS00103857486,O=C(NCC1CNCC1O)c1cccc2[nH]ncc12,3,false,-0.489813733697867,0.2721254527568817,0.655367231638418,0.655367231638418
CSSS00105258832,COc1ccccc1N1CCC(Nc2ccc3c(c2)CC(=O)N3)C1=O,5,false,2.223277450939865,0.42772501707077026,0.8234463276836158,0.8234463276836158
CSSS00106254874,O=C1Cc2cc(NC3CCN(c4ccccc4C(F)(F)F)C3=O)ccc2N1,5,false,2.6312803752971634,0.4121948182582855,0.8107344632768362,0.8107344632768362
CSSS00116250816,O=C(NCc1nccc2ccccc12)C1CC(=O)N(c2ccccc2Cl)C1,0,false,-0.1597404341189702,0.49619293212890625,0.865819209039548,0.865819209039548
CSSS00138457091,CN1C(=O)C[C@@H](CNC(=O)c2cccc3c2CCC3)[C@@H]1c1nccn1C,3,false,2.443453928010007,0.17633233964443207,0.5649717514124294,0.5649717514124294
CSSS00138524351,Cn1cnnc1[C@H]1C[C@H](CNC(=O)c2cccc3[nH]ccc23)[C@H](O)C1,3,false,-0.7832419917246083,0.42687705159187317,0.8220338983050848,0.8220338983050848
CSSS00138524354,Cn1cnnc1[C@H]1C[C@H](CNC(=O)c2cccc3c2OCO3)[C@H](O)C1,3,false,-0.6895117953486732,0.43808823823928833,0.8333333333333334,0.8333333333333334
CSSS00138524364,Cn1cnnc1[C@H]1C[C@H](CNC(=O)c2cccc3c2CCC3)[C@H](O)C1,3,false,2.809483999924545,0.3573513329029083,0.7669491525423728,0.7669491525423728
CSSS00138524375,CC(C)Oc1ccccc1C(=O)NC[C@H]1C[C@H](c2nncn2C)C[C@H]1O,3,false,-0.25017066118353887,0.3975120186805725,0.7923728813559322,0.7923728813559322
CSSS00138524389,Cn1cnnc1[C@H]1C[C@H](CNC(=O)c2cccc3cc[nH]c23)[C@H](O)C1,3,false,-0.10219951852116274,0.3301669955253601,0.7259887005649718,0.7259887005649718
CSSS00138524451,Cn1cnnc1[C@H]1C[C@H](CNC(=O)C2Cc3ccccc3C2)[C@H](O)C1,3,false,-1.0787644796720286,0.24413444101810455,0.6384180790960452,0.6384180790960452
CSSS00138524453,Cn1cnnc1[C@H]1C[C@H](CNC(=O)c2cccc3ncn(C)c23)[C@H](O)C1,3,false,1.1322574843441766,0.6120671629905701,0.9152542372881356,0.9152542372881356
CSSS00138524480,Cn1cnnc1[C@H]1C[C@H](CNC(=O)c2cccc3c2CCCC3)[C@H](O)C1,3,false,-0.6030784910929383,0.3270276188850403,0.7231638418079096,0.7231638418079096
CSSS00138524486,Cc1ccc(C(=O)NC[C@H]2C[C@H](c3nncn3C)C[C@H]2O)c2c1CCC2,3,false,-0.9677304706274334,0.352900892496109,0.7598870056497176,0.7598870056497176
CSSS00138529240,O=C(NC[C@@H]1C[C@@H](c2nnc[nH]2)C[C@@H]1O)c1cccc(F)c1F,3,false,-0.6815486175231529,0.21999499201774597,0.6200564971751412,0.6200564971751412
CSSS00160446616,O=C(C1CC(=O)N(c2ccccc2)C1)N1CCN(C2CC2)C(=O)C1,0,false,-1.0888394829292474,0.14098449051380157,0.5056497175141242,0.5056497175141242
D203-0030,O=C(c1ccc2c(c1)OCCO2)N1CCC(c2nc(O)c3nnn(Cc4ccc(F)cc4)c3n2)CC1,3,false,1.997751714061208,0.23475496470928192,0.6348870056497176,0.6348870056497176
D203-0031,O=C(c1ccc2c(c1)OCO2)N1CCC(c2nc(O)c3nnn(Cc4ccc(F)cc4)c3n2)CC1,3,true,5.8544223664332335,0.23475496470928192,0.6348870056497176,0.6348870056497176
D203-0058,CCc1ccc(C(=O)N2CCC(c3nc(O)c4nnn(Cc5ccc(C)cc5)c4n3)CC2)cc1,3,true,5.162540277823734,0.504511296749115,0.8714689265536724,0.8714689265536724
E859-0348,Cc1ccc(-n2nc3c(N4CCC(C(=O)N5CCc6ccccc6C5)CC4)nnc(C)c3c2C)cc1,3,true,5.020663785402698,0.43723171949386597,0.8319209039548022,0.8319209039548022
MCULE-3274308330,N#Cc1ccsc1NC(=O)COC(=O)Cc1csc(-c2ccccc2)n1,3,false,0.8747858832401064,0.7703110575675964,0.9745762711864406,0.9745762711864406
MCULE-4990117039,CC(=O)NCc1ccc(-c2nc(NC(=O)Cc3csc(NC(=O)C4CC4)n3)sc2C)s1,3,true,9.39251548201801,0.4724777340888977,0.8502824858757062,0.8502824858757062
MCULE-6306622420,Cc1ccc(-c2noc(C(C)Nc3ccc(Oc4ccc(Cl)nn4)cc3)n2)cc1F,3,false,-0.5629834169880126,0.4478742778301239,0.8418079096045198,0.8418079096045198
MCULE-8127450569,O=C(Cn1cnnn1)N(CC(F)(F)F)c1cccc(Cl)c1,3,false,-0.12055240357308027,0.12498566508293152,0.4689265536723164,0.4689265536723164
MCULE-8998162305,Cc1cc(NC(=O)C(C)OC(=O)c2cc3c(s2)CCCC3)no1,3,false,-0.17921046632173213,0.1487049013376236,0.5240112994350282,0.5240112994350282
MCULE-9414144954,Cc1cc(N)nc(C)c1-c1ccc(C(=O)NCCS(=O)(=O)N(C)C)cc1,3,false,2.281304410974258,0.442083477973938,0.8375706214689266,0.8375706214689266
MCULE-9709219277,Cc1noc(C)c1CC(C)C(=O)NS(=O)(=O)c1cccc(F)c1C#N,3,false,0.5910358938941718,0.3188634514808655,0.7146892655367232,0.7146892655367232
PV-001852675955,O=C(Nc1cccc(Cc2nn[nH]n2)c1)C1CCCN(C(=O)c2ccc(Cl)c(Cl)c2)C1,3,false,0.7038416237669182,0.4877454936504364,0.8629943502824858,0.8629943502824858
PV-001947635354,CN(C)c1nccc2cc(NC(=O)NC(Cc3ccccc3)c3n[nH]c(=O)[nH]3)ccc12,3,true,5.410595987519684,0.4735725224018097,0.8531073446327684,0.8531073446327684
STL569478,O=C1[C@H]2C3CCCN3C3(c4ccccc4-n4c3nc3ccccc3c4=O)[C@H]2C(=O)N1c1ccccc1,3,true,5.153485129279724,0.3457888066768646,0.7471751412429378,0.7471751412429378
UNC-AH-01-013,COC(=O)c1ccccc1NC(=O)c1ccsc1,3,false,2.273308739312343,0.03945863991975784,0.05790960451977401,0.05790960451977401
UNC-AH-01-028,COC(=O)c1ccccc1C(=O)Nc1ncc(C)s1,3,false,2.865327777283631,0.08358696103096008,0.3206214689265537,0.3206214689265537
UNC-AH-01-043,CC(=O)Nc1ccccc1C(=O)O,3,false,2.6182593144165556,0.04876156523823738,0.12429378531073447,0.12429378531073447
UNC-AH-01-047,O=C(O)c1ccccc1NC(=O)C1CCOCC1,3,false,2.7982528667582645,0.05746051296591759,0.1751412429378531,0.1751412429378531
UNC-AH-01-048,CC(C)C(=O)Nc1ccccc1C(=O)O,3,false,2.59873960475368,0.035570040345191956,0.031073446327683617,0.031073446327683617
UNC-AH-01-056,COC(=O)c1ccccc1NC(=O)N1CCOCC1,3,false,2.3640543523068245,0.06385304033756256,0.211864406779661,0.211864406779661
UNC-AH-01-061,O=C(O)c1ccccc1Oc1ccccc1,3,false,2.66442956757332,0.05449706315994263,0.15819209039548024,0.15819209039548024
UNC-AH-01-062,O=C(O)c1ccccc1C(=O)NC1CC1,3,false,2.594764254386869,0.06944874674081802,0.2542372881355932,0.2542372881355932
UNC-AH-01-064,O=C(O)c1ccccc1NC(=O)C1CCC1,3,false,2.9459926563921126,0.04489902779459953,0.09533898305084745,0.09533898305084745
UNC-AH-01-065,O=C(O)c1ccccc1NC(=O)C1CCCC1,3,false,2.9033614219847275,0.04489902779459953,0.09533898305084745,0.09533898305084745
UNC-AH-01-066,O=C(Nc1ccccc1C(=O)O)c1ccco1,3,false,2.796767995285554,0.10591791570186615,0.4011299435028249,0.4011299435028249
UNC-AH-01-084,O=C(O)c1ccccc1NC(=O)N1CCOCC1,3,false,2.4907600979027,0.11886805295944214,0.4491525423728814,0.4491525423728814
UNC-AH-02-012,COC(=O)c1ccccc1-c1ccc(C(=O)O)c(OC(F)(F)F)c1,3,false,2.579551238615186,0.29046085476875305,0.6751412429378532,0.6751412429378532
UNC-AH-02-016,CC(=O)c1ccc(-c2ccc(C(=O)O)c(OC(F)(F)F)c2)cc1,3,false,2.930604057318159,0.18289850652217865,0.576271186440678,0.576271186440678
UNC-AH-02-020,N#Cc1ccccc1-c1ccc(C(=O)O)c(OC(F)(F)F)c1,3,false,2.784822315464203,0.33897656202316284,0.7372881355932204,0.7372881355932204
UNC-AH-02-068,Nc1ccc(-c2csc(N3CCOCC3)n2)cc1,3,false,2.983329008759829,0.045802876353263855,0.10451977401129943,0.10451977401129943
UNC-AH-02-070,Cc1nc(-c2ccc(N)cc2)cs1,3,false,2.868636222310936,0.035085875540971756,0.026836158192090395,0.026836158192090395
UNC-AH-02-076,O=C(O)c1ccc(N2CCCCC2)cc1OC(F)(F)F,3,false,2.8972263854790805,0.03422672301530838,0.01977401129943503,0.01977401129943503
UNC-AH-02-077B,COc1ccc(-c2ccc(OC(F)(F)F)c(C(=O)O)c2)c(OC)n1,3,false,2.8843513983289486,0.5367826819419861,0.8799435028248588,0.8799435028248588
UNC-AH-02-077C,O=C(O)c1cccc(-c2ccc(OC(F)(F)F)c(C(=O)O)c2)c1,3,false,2.485293201542438,0.2914963960647583,0.6793785310734464,0.6793785310734464
UNC-AH-02-081,Nc1ccc(-c2ccc(C(=O)O)c(OC(F)(F)F)c2)cc1,3,false,2.783282379916691,0.12617522478103638,0.4731638418079096,0.4731638418079096
UNC-AH-02-082,O=C(O)c1ccc(-c2ccccc2C(=O)O)cc1OC(F)(F)F,3,false,2.520776663656448,0.3151734173297882,0.7090395480225988,0.7090395480225988
UNC-AH-03-007C,Fc1cc(-c2csc(N3CCOCC3)n2)ccn1,3,false,2.7528566700059574,0.04505693539977074,0.09745762711864407,0.09745762711864407
UNC-AH-03-007E,COc1cc(-c2csc(N3CCOCC3)n2)ccn1,3,false,2.8213783695747323,0.03928973153233528,0.05508474576271186,0.05508474576271186
UNC-AH-03-008A,Cc1cc(-c2csc(N(C)C)n2)ccn1,3,false,2.7666402195867343,0.03544839099049568,0.029661016949152543,0.029661016949152543
UNC-AH-03-008I,CC(C)S(=O)(=O)c1ccc(-c2csc(N(C)C)n2)cc1,3,false,2.7091521610593796,0.03125321492552757,0.00847457627118644,0.00847457627118644
UNC-AH-03-019G1,CC(=O)Nc1ccc(-c2csc(N)n2)cc1,3,false,-0.2090768252165534,0.055635686963796616,0.1652542372881356,0.1652542372881356
UNC-AH-03-095B,COc1cc(-c2nccc(-c3ccc(NC(=O)C4CC4)cc3)n2)ccc1N,3,false,-0.2761070355907672,0.7170876860618591,0.9576271186440678,0.9576271186440678
UNC-AH-05-009,O=C(O)c1ccccc1CN1C(=O)C(=O)c2ccccc21,3,false,2.601045664520848,0.07623887807130814,0.2824858757062147,0.2824858757062147
UNC-AH-3-075D,Cc1cc(NC(=O)C2CC2)ccc1-c1csc(N2CCOCC2)n1,3,true,5.448051451662182,0.30440834164619446,0.6949152542372882,0.6949152542372882
UNC-AH-3-075E,O=C(Nc1ccc(-c2csc(N3CCOCC3)n2)c(F)c1)C1CC1,3,false,0.7594660315610973,0.30056798458099365,0.690677966101695,0.690677966101695
UNC-AH-3-075F,COc1cc(NC(=O)C2CC2)ccc1-c1csc(N2CCOCC2)n1,3,false,2.552332737229474,0.37761497497558594,0.7768361581920904,0.7768361581920904
UNC-AH-3-082F,O=C(Nc1ccc(-c2csc(N3CCC4(CC3)CNC4)n2)cc1)C1CC1,3,false,-0.3512424167746999,0.3511835038661957,0.7584745762711864,0.7584745762711864
UNC-AH-3-082I,CC(C)(C)OC(=O)N1CCN(c2nc(-c3ccc(NC(=O)C4CC4)cc3)cs2)CC1,3,false,-0.7179034085355495,0.7221282720565796,0.96045197740113,0.96045197740113
UNC-AH-3-86B,COc1cc2nc(Cl)nc(-c3ccc(NC(=O)C4CC4)cc3)c2cc1OC,3,true,6.984506601556137,0.7970420122146606,0.9858757062146892,0.9858757062146892
UNC-AH-3-87B,COc1cc2nc(N3CCOCC3)nc(-c3ccc(NC(=O)C4CC4)cc3)c2cc1OC,3,true,5.3565098288447945,0.8503369688987732,0.9957627118644068,0.9957627118644068
UNC-ZDG-148-2,O=C(Nc1ccc(F)c(O)c1)C1CC(=O)N(c2ccc(Cl)cc2)C1,0,false,2.018685183058537,0.09195626527070999,0.3587570621468927,0.3587570621468927
UNC-ZDG-150-1,Cn1cc(S(=O)(=O)N[C@@H]2CCN(c3ccccc3)C2=O)cn1,5,true,5.991845316378096,0.10859047621488571,0.4110169491525424,0.4110169491525424
UNC-ZDG-150-3,O=C1[C@H](NS(=O)(=O)c2ccc(C(F)(F)F)cc2)CCN1c1ccccc1,5,false,-0.6335638494607426,0.07952557504177094,0.3022598870056497,0.3022598870056497
UNC-ZDG-150-6,O=C1[C@H](NS(=O)(=O)N2CCOCC2)CCN1c1ccccc1,5,false,2.810613251787662,0.06292595714330673,0.20480225988700565,0.20480225988700565
UNC-ZDG-167-1,Brc1cnc2nc(Nc3ccc(Oc4ncccn4)cc3)[nH]c2c1,1,true,5.061751188302091,0.6738176345825195,0.943502824858757,0.943502824858757
UNC-ZDG-182-2,COC(=O)c1ccc(Nc2ncnc3cc(OC)c(OC)cc23)cc1,1,true,5.29159695265792,0.5292466878890991,0.8771186440677966,0.8771186440677966
UNC-ZDG-183-2,COCCOc1cc2ncnc(Nc3ccc(C(=O)OC)cc3)c2cc1OCCOC,1,true,5.504495193388115,0.5281124114990234,0.8757062146892656,0.8757062146892656
UNC-ZDG-190,CC(=O)Nc1ccc(Oc2ncncc2N)cc1,1,false,2.0333395763765902,0.29273900389671326,0.6822033898305084,0.6822033898305084
UNC-ZDG-194-1,O=C(Nc1ccc(-c2csc(N3C[C@@H]4C[C@H]3CO4)n2)cc1)C1CC1,3,false,0.22028826986392538,0.2983812093734741,0.6864406779661016,0.6864406779661016
UNC-ZDG-194-5,C[C@@H]1CN(c2nc(-c3ccc(NC(=O)C4CC4)cc3)cs2)CCO1,3,false,2.970305963260021,0.25510817766189575,0.6412429378531074,0.6412429378531074
UNC-ZDG-200-2,COC(=O)c1ccccc1OCC(=O)NCc1cccc(F)c1,3,false,0.09242126349460195,0.06735075265169144,0.2401129943502825,0.2401129943502825
UNC-ZDG-201-1,O=C(COc1ccccc1C(=O)O)Nc1cccc(F)c1,3,false,2.8478524303798305,0.12386693805456161,0.461864406779661,0.461864406779661
UNC-ZDG-293-1,Fc1cnc2nc(Nc3ccc(Oc4ncccn4)cc3)[nH]c2c1,1,true,5.214444370531469,0.7038921117782593,0.9533898305084746,0.9533898305084746
UNC-ZDG-293-2,Clc1c(Br)cnc2nc(Nc3ccc(Oc4ncccn4)cc3)[nH]c12,1,true,6.529314330820379,0.6094653606414795,0.9124293785310734,0.9124293785310734
UNC-ZDG-293-3,Clc1cnc2nc(Nc3ccc(Oc4ncccn4)cc3)[nH]c2c1,1,true,5.018534393601503,0.6854987740516663,0.9477401129943502,0.9477401129943502
UNC-ZDG-294-1,Fc1cc(Br)cc2[nH]c(Nc3ccc(Oc4ncccn4)cc3)nc12,1,false,-0.04296048474934382,0.6260524988174438,0.9209039548022598,0.9209039548022598
UNC-ZDG-294-3,Cn1c(Nc2ccc(Oc3ncccn3)cc2)nc2cc(Br)cnc21,1,true,5.2663959223028085,0.6652001738548279,0.9364406779661016,0.9364406779661016
UNC-ZDG-436-A,CCN(CC)S(=O)(=O)c1cc(Nc2nc(N3CCOCC3)nc3cc(OC)c(N)cc23)ccc1Cl,1,true,5.943425687419089,0.4185420870780945,0.8177966101694916,0.8177966101694916
UNC-ZDG-438-A,CCN(CC)S(=O)(=O)c1cc(Nc2nc(N3CNC(=O)C3)nc3cc(OC)c(N)cc23)ccc1Cl,1,false,-0.9409645473190792,0.43023577332496643,0.826271186440678,0.826271186440678
UNC-ZDG-81-1,O=C(NCCc1ccc(O)cc1)c1ccc(=O)n(Cc2ccccc2Cl)c1,0,false,2.3891689666196134,0.08871549367904663,0.3474576271186441,0.3474576271186441
UNC-ZDG-81-10,CC(C)(C)OC(=O)NCCN1CCN(C(=O)C2CC(=O)N(c3ccccc3)C2)CC1.O=C(O)OC(F)(F)F,0,false,2.8437467189078833,0.10439659655094147,0.3926553672316384,0.3926553672316384
UNC-ZDG-81-11,CC(C)(C)OC(=O)NCCN1CCN(C(=O)C2CC(=O)N(C3CCCCC3)C2)CC1.O=C(O)OC(F)(F)F,0,false,2.1097532367212604,0.09615767002105713,0.3757062146892655,0.3757062146892655
UNC-ZDG-81-2,CC(C)(C)OC(=O)NCCN1CCN(C(=O)C2CC(=O)N(c3ccc(F)cc3)C2)CC1.O=C(O)OC(F)(F)F,0,false,2.2079339585462168,0.10242191702127457,0.3884180790960452,0.3884180790960452
UNC-ZDG-81-3,CC(C)(C)OC(=O)NCCN1CCN(C(=O)C2CC(=O)N(Cc3ccccc3)C2)CC1.O=C(O)OC(F)(F)F,0,false,2.4576589984101087,0.09896371513605118,0.3827683615819209,0.3827683615819209
UNC-ZDG-81-5,CC(C)(C)OC(=O)NCCN1CCN(C(=O)C2CC(=O)N(c3ccc(Cl)cc3)C2)CC1.O=C(O)OC(F)(F)F,0,false,2.704939910304006,0.10606072098016739,0.4025423728813559,0.4025423728813559
UNC-ZDG-81-6,Cc1cccc(N2CC(C(=O)N3CCN(CCNC(=O)OC(C)(C)C)CC3)CC2=O)c1.O=C(O)OC(F)(F)F,0,false,2.6561268267080727,0.12945674359798431,0.4830508474576271,0.4830508474576271
UNC-ZDG-81-7,CC(C)(C)OC(=O)NCCN1CCN(C(=O)C2CC(=O)N(c3cccc(Cl)c3)C2)CC1.O=C(O)OC(F)(F)F,0,false,2.685572709135243,0.1299237608909607,0.4858757062146893,0.4858757062146893
UNC-ZDG-81-8,Cc1ccccc1N1CC(C(=O)N2CCN(CCNC(=O)OC(C)(C)C)CC2)CC1=O.O=C(O)OC(F)(F)F,0,false,2.119254439957681,0.10906151682138443,0.4138418079096045,0.4138418079096045
UNC-ZDG-81-9,CC(C)(C)OC(=O)NCCN1CCN(C(=O)C2CC(=O)N(c3ccccc3Cl)C2)CC1.O=C(O)OC(F)(F)F,0,false,2.2463453231450545,0.10946420580148697,0.4166666666666667,0.4166666666666667
UNC-ZDG-82-9,COc1ccc(NC(=O)C2CC(=O)N(c3ccccc3F)C2)cc1O,0,false,2.994260809767495,0.11118569225072861,0.4251412429378531,0.4251412429378531
UNC-ZDG-83-10,NCCN1CCN(C(=O)C2CC(=O)N(c3ccccc3)C2)CC1.O=C(O)C(F)(F)F,0,false,2.1662590093075287,0.07687775045633316,0.2895480225988701,0.2895480225988701
UNC-ZDG-83-6,Cc1cccc(N2CC(C(=O)N3CCN(CCN)CC3)CC2=O)c1.O=C(O)C(F)(F)F,0,false,2.3591757400990714,0.08904961496591568,0.3495762711864407,0.3495762711864407
UNC-ZDG-83-7,NCCN1CCN(C(=O)C2CC(=O)N(c3cccc(Cl)c3)C2)CC1.O=C(O)C(F)(F)F,0,false,2.7728979542515075,0.08904961496591568,0.3495762711864407,0.3495762711864407
UNC-ZDG-84-1,O=C1CC(C(=O)N2C(=O)OCC2Cc2ccccc2)CN1c1ccccc1,0,false,2.78844018805066,0.17804564535617828,0.5677966101694916,0.5677966101694916
UNC-ZDG-86-1,CN1CCN(C(=O)C2CC(=O)N(c3cccc(F)c3)C2)CC1.O=C(O)C(F)(F)F,0,false,2.2692006522703343,0.12443307787179947,0.4675141242937853,0.4675141242937853
UNC-ZDG-86-2,CN1CCN(C(=O)C2CC(=O)N(c3ccc(F)cc3)C2)CC1.O=C(O)C(F)(F)F,0,false,2.2896228748705685,0.10638589411973953,0.4067796610169492,0.4067796610169492
UNC-ZDG-86-3,CN1CCN(C(=O)C2CC(=O)N(Cc3ccccc3)C2)CC1.O=C(O)C(F)(F)F,0,false,2.2321205805591595,0.08754639327526093,0.3432203389830508,0.3432203389830508
UNC-ZDG-86-4,Cc1ccc(N2CC(C(=O)N3CCN(C)CC3)CC2=O)cc1.O=C(O)C(F)(F)F,0,false,2.9785522619217444,0.09703606367111206,0.3785310734463277,0.3785310734463277
UNC-ZDG-86-6,Cc1cccc(N2CC(C(=O)N3CCN(C)CC3)CC2=O)c1.O=C(O)C(F)(F)F,0,false,2.290446675796727,0.11369896680116653,0.4350282485875706,0.4350282485875706
UNC-ZDG-86-7,Cc1ccccc1N1CC(C(=O)N2CCN(C)CC2)CC1=O.O=C(O)C(F)(F)F,0,false,2.3370697753818863,0.09852231293916702,0.3799435028248588,0.3799435028248588
UNC-ZDG-86-9,CN1CCN(C(=O)C2CC(=O)N(C3CCCCC3)C2)CC1.O=C(O)C(F)(F)F,0,false,2.1054598208783655,0.09640400111675262,0.3771186440677966,0.3771186440677966
UNC-ZDG-87-2,CN1CCC(NC(=O)C2CC(=O)N(c3cccc(F)c3)C2)CC1.O=C(O)C(F)(F)F,0,false,2.4643162977393622,0.08598212897777557,0.3333333333333333,0.3333333333333333
UNC-ZDG-87-3,CN1CCC(NC(=O)C2CC(=O)N(c3ccc(F)cc3)C2)CC1.O=C(O)C(F)(F)F,0,false,2.254677378290365,0.08295559883117676,0.3177966101694915,0.3177966101694915
UNC-ZDG-87-4,Cc1ccc(N2CC(C(=O)NC3CCN(C)CC3)CC2=O)cc1.O=C(O)C(F)(F)F,0,false,2.350712218131553,0.09974286705255508,0.3855932203389831,0.3855932203389831
UNC-ZDG-87-5,CN1CCC(NC(=O)C2CC(=O)N(c3ccc(Cl)cc3)C2)CC1.O=C(O)C(F)(F)F,0,false,2.525564641473313,0.10619528591632843,0.403954802259887,0.403954802259887
UNC-ZDG-87-6,Cc1cccc(N2CC(C(=O)NC3CCN(C)CC3)CC2=O)c1.O=C(O)C(F)(F)F,0,false,2.94972020857941,0.10996804386377335,0.4209039548022599,0.4209039548022599
UNC-ZDG-87-7,Cc1ccccc1N1CC(C(=O)NC2CCN(C)CC2)CC1=O.O=C(O)C(F)(F)F,0,false,2.213366156536444,0.09021441638469696,0.3545197740112994,0.3545197740112994
UNC-ZDG-87-8,CN1CCC(NC(=O)C2CC(=O)N(c3ccccc3)C2)CC1.O=C(O)C(F)(F)F,0,false,2.815089935326148,0.07419539988040924,0.2725988700564972,0.2725988700564972
UNC-ZDG-91-1,CC(C)(C)OC(=O)N1C[C@H](CNC(=O)c2cccc3c2CCCC3)[C@H](O)C1,3,false,2.7500154313028777,0.0805145800113678,0.3135593220338983,0.3135593220338983
UNC-ZDG-91-4,CC(C)(C)OC(=O)N1C[C@H](CNC(=O)c2cccc3c2CCC3)[C@H](O)C1,3,false,2.7022437135185835,0.07925213873386383,0.2994350282485876,0.2994350282485876
UNC-ZDG-91-5,CC(C)(C)OC(=O)N1C[C@H](CNC(=O)c2cccc3c2OCC3)[C@H](O)C1,3,false,2.7611141803256785,0.12426088750362396,0.4646892655367232,0.4646892655367232
UNC-ZDG-93-1,Cl.O=C(NC[C@H]1CNC[C@H]1O)c1cccc2c1OCC2,3,false,2.921141833826832,0.10549063980579376,0.3997175141242938,0.3997175141242938
UNC-ZDG-93-3,Cl.O=C(NC[C@H]1CNC[C@H]1O)c1cccc2c1CCCC2,3,false,2.546588900861422,0.07417880743741989,0.2711864406779661,0.2711864406779661
UNC-ZDG-93-4,Cl.O=C(NC[C@H]1CNC[C@H]1O)c1ccc2c(c1)CCC2,3,false,2.837526772301256,0.07346263527870178,0.268361581920904,0.268361581920904
Z1020943668,O=C1Nc2ccccc2C1C1CCN(C(=O)C2CC(=O)N(c3ccc4c(c3)OCCO4)C2)CC1,0,true,5.098351281428768,0.34805577993392944,0.751412429378531,0.751412429378531
Z1023598674,O=C(C1CCN(c2ccc3nncn3n2)CC1)N1CCCC(c2nc(-c3ccc(Cl)cc3)no2)C1,3,false,-0.21337734220013838,0.342634379863739,0.7443502824858758,0.7443502824858758
Z1711992926,Cn1c(=O)c2ccc(C(=O)N3CCCCC3c3cccc(C(F)(F)F)c3)nc2n(C)c1=O,3,true,5.0078363833429185,0.2882060408592224,0.672316384180791,0.672316384180791
Z1919904347,Cc1c(NC(=O)N2CCN(c3nccn4cnnc34)C(C)C2)noc1-c1ccccc1F,3,true,5.2173317066764096,0.2512281835079193,0.6398305084745762,0.6398305084745762
Z33046454,O=C(NNC(=O)c1cc(-c2ccccc2)n[nH]1)c1cccc(N2C(=O)c3ccccc3C2=O)c1,3,true,7.011139134676802,0.3109493553638458,0.7005649717514124,0.7005649717514124
Z787494002,O=C(NC(c1ccccc1)c1nnn[nH]1)C1CCN(S(=O)(=O)c2ccc3c(c2)CCCC3)CC1,3,true,5.604369826131875,0.3405781686306,0.7401129943502824,0.7401129943502824
Z795991852,Cn1c(=O)c2ccccc2n2c(COC(=O)c3cccc(NC(=O)C4Cc5ccccc5O4)c3)nnc12,3,true,5.042623992266175,0.4515474736690521,0.8432203389830508,0.8432203389830508
Z979336988,Cc1ccc2[nH]c(C3CCCN(C(=O)c4cccc(CN5C(=O)c6ccccc6C5=O)c4)C3)nc2c1,3,true,5.489966212691103,0.42460712790489197,0.8206214689265536,0.8206214689265536
ZDG-049,NCCN1CCN(C(=O)C2CC(=O)N(c3ccccc3F)C2)CC1.O=C(O)C(F)(F)F.O=C(O)C(F)(F)F,0,false,2.933706209795103,0.06799031794071198,0.24858757062146894,0.24858757062146894
